measure_date,Central,Central Mountains,Metro,Metro South,Northeast,Northwest,San Luis Valley,South Central,South East Central,Southwest,West Central Partnership
3/1/2020,0,2,6,0,6,0,1,2,1,0,1
3/2/2020,0,2,6.55,0,6.45,0,1,2,1,0,1
3/3/2020,0,2,7.55,0,6.45,0,1,2,1,0,1
3/4/2020,1,2,7.55,0,6.45,0,1,2,1,0,1
3/5/2020,1,2,7.55,0,6.45,0,1,2,1,0,1
3/6/2020,1,2,7.55,0,6.45,0,1,2,1,0,1
3/7/2020,1,2,8.55,0,6.45,0,1,2,1,0,1
3/8/2020,3,2,13.55,0,6.45,0,1,2,1,0,1
3/9/2020,4,2,13.55,1,8.45,0,1,2,1,0,1
3/10/2020,5,3,13.55,1,8.45,0,1,2,1,0,1
3/11/2020,6,4,15.55,1,8.45,0,1,2,1,0,2
3/12/2020,6,3,18.55,1,10.45,0,1,2,1,0,2
3/13/2020,8,4,19.55,2,11.45,0,1,2,1,0,3
3/14/2020,9.96,5,22.59,3,12.41,0,1,2,1,0,2
3/15/2020,11.96,6,28.59,3,15.41,1,1,2,1,0,2
3/16/2020,13,6,43.59,3,20.41,1,1,2,1,0,2
3/17/2020,15,7,44.59,6,28.41,1,1.05,2,1,0,3.95
3/18/2020,16,6,63.59,10,34.41,0,1.05,2,1,0,6.95
3/19/2020,22.95,7,84.55,13,41.45,1,1.05,2.05,1,0,5.95
3/20/2020,26.72,7.99,100.55,17.23,46.45,1,1.05,2.05,2,0,5.96
3/21/2020,30.96,8.99,124.27,15.23,46.45,1,1.15,2.05,2,0,8.86
3/22/2020,31.96,9.99,153.92,15.23,53.8,1,1.15,2.05,2,0,8.86
3/23/2020,38.96,15.98,204.89,17.36,67.7,1,1.15,4.05,2,1,9.87
3/24/2020,48.91,15.98,251.89,18.36,78.7,1,1.2,5.1,2,1,10.82
3/25/2020,47.19,17.98,288.24,21.49,85.94,1,1.3,5.1,2,1,14.72
3/26/2020,54.24,24.98,324.24,26.49,100.94,1,2.2,4.05,2,1,11.82
3/27/2020,60.24,32.97,366.6,32.23,105.84,1,2.2,4.05,2,0,9.83
3/28/2020,63.47,32.97,401.51,41.13,113.8,1,2.25,4.05,2,1,10.78
3/29/2020,63.51,30.97,426.71,42.13,117.61,1,2.25,5.01,2.99,2,10.78
3/30/2020,74.51,32.97,474.77,45.13,129.55,1,2.25,6.01,1.99,6,11.78
3/31/2020,78.46,27.99,525.22,46.26,141.97,2,2.25,6.06,1.99,7,11.76
4/1/2020,77.51,29.98,564.48,46.39,146.58,3,2.25,5.01,2.99,6,11.77
4/2/2020,79.47,28.98,597,47.39,148.06,4,2.2,4.05,2.99,5,10.82
4/3/2020,79.52,29.98,598.81,51.52,148.11,6,2.3,4,2,3,12.72
4/4/2020,79.52,29.98,603.4,52.52,157.52,6,2.3,3,1,4,11.72
4/5/2020,80.52,26.99,602.5,52.65,161.29,8,2.3,3,1,2,11.71
4/6/2020,77.52,23.99,642.79,52.91,161.74,8,2.3,3,1,2,12.71
4/7/2020,82.45,22.99,648.29,51.87,178.28,7,2.25,2.07,1,2,11.76
4/8/2020,78.45,20.99,647.91,49.61,186.91,7,2.25,3.07,1,2,11.76
4/9/2020,72.45,19,654.89,39.61,188.93,6,2.2,3.07,1,2,10.8
4/10/2020,64.45,18,651.84,38.74,192.85,6,1.2,4.07,1,2,11.8
4/11/2020,59.96,17,646.72,38.87,193.4,6,1.2,4,1,3,11.8
4/12/2020,59.92,16,657.93,36.78,191.32,6,1.15,4,1,3.97,10.85
4/13/2020,64.87,16,673.59,36.78,195.66,5,1.1,5.05,1,4.94,9.93
4/14/2020,58.87,15.98,683.03,33.91,186.09,5.02,1.05,6.05,1,4.94,9.98
4/15/2020,54.87,13.98,687.08,32.65,185.3,4.02,1.05,6.05,1,3.94,9.98
4/16/2020,49.87,14.98,693.97,32.39,182.67,5.02,1.05,6.05,1,3.94,8.98
4/17/2020,45.96,14.98,695.33,33.52,180.18,4.02,1.05,6,1,3.94,7.98
4/18/2020,40,16.98,691.21,35.7,181.08,4.02,1.05,6,1,3.94,7.98
4/19/2020,41,15.98,697.18,41.57,183.24,4.02,1.05,7,1,3.94,7.98
4/20/2020,40,13.98,711.43,41.75,183.81,4.02,1.05,8,1,3.94,7.98
4/21/2020,45,12.98,705.76,39.92,180.31,5.02,1.05,8,1,3.94,8.98
4/22/2020,42,11.98,711.22,35.92,166.86,5.02,1.05,8,1,3.91,6.98
4/23/2020,42,9.96,696.8,33.88,170.32,5.04,1.05,7,1,4.91,5.98
4/24/2020,40,10.96,669.42,36.75,172.83,5.04,1.05,7,1,4.91,5.98
4/25/2020,41,11.96,634.7,38.01,174.29,5.04,1.05,6,1,4.91,4.98
4/26/2020,38,10.96,627.82,36.01,173.17,5.04,2.05,4,1,4.91,4.98
4/27/2020,38,10.96,653.59,32.88,176.53,5.04,2.05,5,1,3.94,4.95
4/28/2020,38,10.96,648.14,31.66,172.2,4.04,2.05,5,1,4.94,5.95
4/29/2020,35.96,8.96,643,31.7,163.34,4.04,2.05,5,1,3.94,5.95
4/30/2020,32.92,7.96,619.58,31.74,160.76,5.04,2.05,5,2,3.91,5.95
5/1/2020,32.92,8.96,627.54,31.83,157.71,5.04,2.05,4,2,2.94,5.95
5/2/2020,28.92,8.96,593.95,25.7,144.43,5.04,2.05,4,3,2.94,4.95
5/3/2020,26.92,9.96,591.13,26.83,139.12,4.04,2.05,5,4,3.94,4.95
5/4/2020,25.92,8.96,586.49,27.96,145.63,4.04,2.05,6,4,3.94,4.95
5/5/2020,25.96,7.96,554.92,26.96,133.16,4.04,2.05,6,4,2.97,4.95
5/6/2020,24,8.95,542.71,28.05,123.24,3.04,2.05,5,4,2.97,4.96
5/7/2020,23,8.95,538.97,27.05,115.98,3.04,2.05,5,3,2,4.96
5/8/2020,21,9.95,522.14,29.83,115.03,3.04,2.05,5,3,2,4.96
5/9/2020,20,10.95,479.83,27.83,105.34,2.04,2.05,5,3,2,4.96
5/10/2020,20,11.95,472.79,27.83,100.38,3.04,2.05,5,3,1,3.96
5/11/2020,17,11.95,484.06,25.83,99.11,3.04,2.05,5,4,1,3.96
5/12/2020,17.96,9.96,471.63,25.26,95.15,3.04,3.05,5,4,1,3.95
5/13/2020,18.96,8.96,464.67,26.13,93.24,3.04,3.1,4,4,0,3.9
5/14/2020,19.96,8.96,465.66,24.26,92.12,3.04,3.1,3,4,0,3.9
5/15/2020,18.96,8.98,459.25,21.13,85.66,2.02,3.1,2,3,1,2.9
5/16/2020,17.96,9.98,435.34,22.04,77.66,2.02,3.1,2,3,2,2.9
5/17/2020,16.96,11.98,426.34,21.04,71.66,3.02,3.1,2,3,1,2.9
5/18/2020,17.96,11.98,436.35,20.04,72.65,3.02,3.05,2,3,1,2.95
5/19/2020,19.91,11.98,431.12,21,73.92,3.02,2.05,3.05,2,1,2.95
5/20/2020,20.91,11.98,435.08,22,73.96,3.02,2.05,3.05,2,2,1.95
5/21/2020,18.95,12.98,410.08,21.96,68.96,3.02,2.05,3.05,2,2,1.95
5/22/2020,18.95,15.98,385.09,18.83,64.08,2.02,2.05,3.05,1,2,1.95
5/23/2020,16.96,14.98,366.96,17,61.08,2.02,4.05,3,1,1,1.95
5/24/2020,16.96,12.98,350.05,17.87,58.12,1.02,4.05,3,1,1,1.95
5/25/2020,16.96,13.98,342.54,19.87,54.63,1.02,4.05,3,1,1,1.95
5/26/2020,19.96,11.98,338.45,21,62.6,2.02,4.05,3,1.99,1,1.95
5/27/2020,22.96,11.98,333.01,18.48,62.55,2.02,4.05,3,1,1,1.95
5/28/2020,25.96,9.98,317.27,19.26,61.51,2.02,4.05,4,1,1,1.95
5/29/2020,24.96,11.98,285.14,19.39,59.51,2.02,4.05,3,1,1,1.95
5/30/2020,22.96,11.98,265.6,17.39,56.05,1.02,7.05,3,1,1,2.95
5/31/2020,17.96,11.98,247.56,16.39,52.09,2.02,5.05,3,1,1,2.95
6/1/2020,16.96,9.98,251.73,15.26,53.05,2.02,5.05,3,1,1,3.95
6/2/2020,17.96,9.98,242.69,15.26,52.09,3.02,5.05,4,1,1,3.95
6/3/2020,16,8.98,232.73,14.22,51.05,3.02,5.05,4,1,1,3.95
6/4/2020,15,10.98,207.77,13.22,48.01,3.02,5.05,4,1,1,3.95
6/5/2020,12,10.98,202.77,13.22,47.01,3.02,5.05,4,1,1,3.95
6/6/2020,13,10.98,182.08,13.13,35.79,3.02,5.05,3,1,1,3.95
6/7/2020,14,12.98,176.54,13.13,40.33,3.02,5.05,3,1,1,3.95
6/8/2020,14,12.98,181.41,12.26,39.33,3.02,5.05,3,1,1,4.95
6/9/2020,12,12.98,167.91,11.26,36.83,3.02,5.05,3,1,1,4.95
6/10/2020,11,11.98,157.95,11.26,35.79,3.02,5.05,3,1,1,4.95
6/11/2020,12,11.98,146.99,13.26,33.75,4.02,5.05,3,1,1,4.95
6/12/2020,13,11.98,141.62,11.13,35.25,5.02,6.05,3,1,1,4.95
6/13/2020,13,10.98,139.17,10.13,35.7,5.02,6.05,3,1,1,4.95
6/14/2020,13,11.97,140.63,10.13,32.24,5.02,7.05,3,1,1,2.96
6/15/2020,12,11.97,141.72,10,33.28,5.02,6.05,3,1,1,2.96
6/16/2020,11.04,11.97,143.68,11,32.32,5.02,6.05,4.96,1,1,2.96
6/17/2020,10.04,12.96,143.18,10,33.82,6.02,6.05,4.96,1,0,2.97
6/18/2020,11,11.97,138.18,9,34.82,5.02,6.05,5,1,0,2.96
6/19/2020,11,13.96,135.18,8,30.82,4.02,6.05,5,1,0,2.97
6/20/2020,11,12.96,134.72,9,28.28,4.02,5.05,5,1,0,1.97
6/21/2020,12,11.96,136.72,9,30.28,4.02,4.05,5,1,0,1.97
6/22/2020,12,9.97,139.27,8,30.73,4.02,4.05,5,1,2,1.96
6/23/2020,10,9.97,143.1,8.13,29.77,4.02,4.05,5,1,2,1.96
6/24/2020,10,8.97,134.1,4.13,29.77,4.02,4.05,5,1,2,1.96
6/25/2020,10,9.97,134.06,4.13,28.81,4.02,4.05,5,1,2,1.96
6/26/2020,12,9.97,123.06,4.13,26.81,4.02,4.05,5,1,2,1.96
6/27/2020,10,10.97,123.47,4.13,22.4,4.02,4.05,5,1,1,1.96
6/28/2020,10,12.97,127.97,4.13,18.9,6.02,4.05,4,1,1,1.96
6/29/2020,14,13.96,126.97,6.13,19.9,6.02,4.05,4,1,1,1.97
6/30/2020,16,15.96,122.97,5.13,21.9,6.02,4.05,4,1,1,1.97
7/1/2020,21,13.96,124.97,5.13,18.9,5.02,4.05,5,1,1,1.97
7/2/2020,22,14.97,126.97,5.13,19.9,5.02,4.05,4,1,1,1.96
7/3/2020,28,13.97,121.97,7.13,22.9,5.02,4,3,2,1.91,1.01
7/4/2020,29,11.98,122.97,8.13,22.9,5.02,4,3,2,2.91,1
7/5/2020,30,11.97,133.75,9.35,20.9,4.02,4,3,2,2.91,1.01
7/6/2020,33.28,12.96,144.02,9.35,27.35,4.02,4,3,3,2.91,1.02
7/7/2020,33.28,8.99,154.02,8.35,32.35,5,3,3,3,2.91,1.01
7/8/2020,40.28,10.98,149.33,7.35,32.04,6,4,3,3,2.91,1.02
7/9/2020,39.21,10.98,161.55,9.13,32.04,6,4,3.07,3,2,1.02
7/10/2020,38.21,10.98,154.12,11.13,31.47,6,3,4.07,2,2,1.02
7/11/2020,36.21,9.99,160.12,9.13,31.47,8,3.05,5.07,2,2,1.96
7/12/2020,39.25,10.99,166.12,10.13,35.47,9,3.05,6.03,1,2,2.96
7/13/2020,41.81,8.99,169.95,12.36,38.92,10,3,5.96,2,2,4.01
7/14/2020,51.85,7.99,171.14,11.36,38.73,9,3,6.92,4,2,3.01
7/15/2020,55.85,9.97,178.69,13.36,37.18,11.02,3,6.92,4,2,3.01
7/16/2020,52.08,10.97,179.1,14.26,39.64,12.02,3,7.92,4,1,2.01
7/17/2020,50.12,12.96,190.56,14.35,41.09,11.02,3.05,7.88,4,1,2.97
7/18/2020,49.08,12.98,191.43,12.48,38.09,14,2.05,6.92,4,1,2.97
7/19/2020,57.08,11.98,184.93,9.48,38.59,13,2.05,6.92,3,2,2.97
7/20/2020,59.08,12.98,186.38,8.48,41.14,13,2.05,6.92,3,2.97,2.97
7/21/2020,55.08,14.96,159.92,9.39,37.69,11.02,2,5.92,3,3.97,2.02
7/22/2020,54.04,14.96,154.92,6.39,33.69,14.02,2,3.96,3,3.97,2.02
7/23/2020,56.04,16.94,155.33,4.39,33.28,13.04,2,3.96,3,4.94,2.05
7/24/2020,57.04,15.92,154.33,3.39,30.28,14.06,2,4.96,3,3.94,3.05
7/25/2020,55.04,13.92,166.33,3.39,28.28,14.06,2,4.96,2,3.94,3.05
7/26/2020,52.04,13.92,170.2,3.52,29.28,15.06,1,5.96,2,2.97,3.05
7/27/2020,58.04,12.94,167.2,2.52,33.28,17.04,1,5.96,2,3.97,3.05
7/28/2020,61.04,12.94,157.2,2.52,34.28,17.04,1,5.96,1,3.97,3.05
7/29/2020,58.04,10.95,159.79,3.52,35.69,15.04,1,5.96,1,2.97,3.04
7/30/2020,62.04,10.94,157.28,3.52,36.2,14.04,1,6.96,1,1.97,2.05
7/31/2020,57.04,10.92,159.2,4.52,31.28,12.06,1,5.96,1,2.97,2.05
8/1/2020,51.04,9.93,151.46,4.26,31.28,12.06,1,3.96,1,3.97,3.04
8/2/2020,50.04,10.93,146.46,4.26,28.29,12.06,1,4.96,1.99,5.97,3.04
8/3/2020,49.99,10.94,145.96,5.26,29.79,13.04,1,5.01,1.99,5.97,4.05
8/4/2020,48.03,11.92,142.23,4,29.78,14.06,2,5.97,1.99,5,5.02
8/5/2020,44.03,10.92,143.19,3,30.82,13.06,2,6.97,1.99,3,4.02
8/6/2020,45.03,10.92,137.69,3,32.32,12.06,2,6.97,1.99,3,4.02
8/7/2020,39.99,9.93,130.69,2,32.32,12.06,2,9.01,1.99,4,4.01
8/8/2020,40.95,7.93,130.24,3.04,30.77,12.06,2,8.01,1.99,3,4.01
8/9/2020,37.95,7.94,133.79,5.04,28.22,10.06,2,8.01,1.99,3,5
8/10/2020,37.95,7.94,132.02,6.26,29.77,11.06,2,8.01,1.99,3,6
8/11/2020,36.91,10.94,133.47,7.26,25.33,8.06,2,8.05,2.98,3,7
8/12/2020,31.96,8.96,137.43,6.26,21.37,7.04,2,10,2.98,4,6
8/13/2020,30,8.96,138.43,5.22,21.37,5.04,2,9,2.98,4,6
8/14/2020,25,7.96,135.13,6.22,23.66,7.04,2,7,1.99,4,7
8/15/2020,25,6.96,130.68,5.22,29.11,7.04,2,7,1.99,4,8
8/16/2020,25,5.98,126.45,5,27.56,7.02,2,6,2.99,4,8
8/17/2020,24,5.98,120.49,4,28.52,6.02,2,6,2.99,4,8
8/18/2020,27,4.98,124.39,3,27.62,6.02,2,4,2.99,4,8
8/19/2020,29,5.95,127.9,4,27.11,5.04,2,5,2.99,4,8.01
8/20/2020,31,5.95,130.34,4,24.67,5.04,3,5,1.99,4,7.01
8/21/2020,31,5.95,119.29,5.13,27.59,6.04,3,6,1.99,4,6.01
8/22/2020,27,4.97,115.6,5.13,26.28,5.02,3,6,1.99,4,6.01
8/23/2020,23,4.97,114.01,4.13,23.87,3.02,3,7,1.99,4,5.01
8/24/2020,24,5.97,119.8,5.26,24.95,2.02,3,7,1.99,4,3.01
8/25/2020,20,6.95,117.25,6.26,26.5,2.04,4,8,1.99,4.97,3.04
8/26/2020,20,6.95,123.88,6.13,27,3.04,4,9,1.99,4.97,4.04
8/27/2020,19,5.96,113.48,5.26,28.27,3.04,3,9,1.99,4.97,4.03
8/28/2020,19,5.96,119.48,4.26,26.27,3.04,2,9,2.99,4,4
8/29/2020,17,5.96,114.84,3.35,28.82,3.04,2,9,3.99,4,4
8/30/2020,21,5.96,115.06,4.35,30.6,2.04,2,8,3.99,3,4
8/31/2020,22,6.96,118.06,4.35,35.6,2.04,2,8,3.99,3,4
9/1/2020,23,5.96,112.6,5.26,31.15,2.04,2.05,8,4.99,3,3.95
9/2/2020,23,4.98,112.9,6,33.11,3.02,1.05,8,3.99,3,3.95
9/3/2020,25,4.98,114.35,6,29.66,3.02,1.05,7,2.99,3,2.95
9/4/2020,24,4.98,108.85,3,31.16,5.02,1.05,9,2.99,4,2.95
9/5/2020,23,4.98,113.81,6,32.2,5.02,1.05,9,2.99,2,2.95
9/6/2020,23,4.98,110.81,6,36.2,6.02,1.05,9,2.99,2,2.95
9/7/2020,20,3.97,109.81,4,35.2,6.02,1.05,10,2.99,1,2.96
9/8/2020,21.04,2.98,112.32,3,33.69,5.02,1.05,10.96,2.99,1,2.95
9/9/2020,21.04,2.98,120.78,5,30.23,4.02,1.05,9.96,2.99,1,2.95
9/10/2020,20.04,3.98,115.73,5,35.28,4.02,1.05,7.96,2.99,0,3.95
9/11/2020,21.04,3.98,114.59,6,32.42,3.02,1.05,6.96,2.99,0,3.95
9/12/2020,21.04,3.98,112.54,5.09,30.38,2.02,1.05,6.96,2.99,0,3.95
9/13/2020,25.04,5.97,113.54,6.09,31.38,2.02,1.05,5.96,2.99,0,3.96
9/14/2020,25.04,4.97,121.54,7.09,36.38,3.02,1.05,6.96,2.99,0,3.96
9/15/2020,23.04,5.97,119.46,7.09,39.46,3.02,1.05,6.96,2.99,0,3.96
9/16/2020,25.04,5.97,116.46,6.09,41.46,3.02,1.05,6.96,3.99,0,3.96
9/17/2020,22.04,6.96,126.01,5.09,38.91,4.02,1.05,8.96,3.99,0,3.97
9/18/2020,19,8.96,128.36,5.2,38.56,4.02,1.05,7,4.88,0,2.97
9/19/2020,19.93,6.96,121.4,4.2,34.52,4.02,1.05,7.07,4.88,0,2.97
9/20/2020,19.93,5.98,125.4,4.09,35.53,3,1.05,9.07,4.98,0,2.97
9/21/2020,21.7,4.99,136.67,5.32,37.26,3,1.05,10.07,4.98,0,2.96
9/22/2020,21.7,2,137.63,6.32,38.29,3,1.05,10.07,2.99,0.97,2.98
9/23/2020,22.7,3.98,144.63,7.32,38.29,3.02,1.05,12.07,2.99,0.97,3.98
9/24/2020,22.81,4.98,143.63,10.32,42.29,3.02,1.05,12.96,2.99,0.97,4.98
9/25/2020,20.81,5.98,150.18,11.32,46.74,4.02,1.05,12.96,2.99,1.97,4.98
9/26/2020,22.04,6.98,138.22,10.09,43.7,4.02,1.05,12.96,2.99,1.97,3.98
9/27/2020,21.04,5.98,146.46,8.09,40.46,5.02,1.05,11.96,1.99,2.94,4.01
9/28/2020,23.04,3,147.91,6.09,44.01,4,1.05,13.96,1.99,2.94,4.01
9/29/2020,23.04,2,150.6,6.09,43.32,6,1.05,15.96,1.99,2.94,5.01
9/30/2020,24.04,2,168.64,6.09,44.28,9,1.05,14.96,2.99,1.97,4.98
10/1/2020,22.04,2,176.6,4.09,39.32,11,1.1,14.96,2.99,1,4.9
10/2/2020,24.04,2,181.34,6.35,43.32,11,1.05,14.96,2.99,1,3.95
10/3/2020,28.04,2.98,178.8,7.35,43.86,11.02,1.05,12.96,2.99,1,3.95
10/4/2020,30.04,2.98,178.8,8.35,38.86,9.02,1.05,13.96,2.99,1,3.95
10/5/2020,33.04,4.98,194.8,7.35,38.86,8.02,1.05,15.96,1.99,1,3.95
10/6/2020,30.08,4,209.58,8.61,41.82,7,1.05,13.92,1.99,2,3.95
10/7/2020,35.12,4.98,223.15,9.35,39.51,7.02,2.05,14.88,1.99,3,3.95
10/8/2020,40.04,4.98,216.28,9.22,38.51,6.02,3.05,14.96,2.99,3,3.95
10/9/2020,39,4.98,216.46,14.35,45.2,7.02,3.05,13,2.99,3.97,3.98
10/10/2020,39,3.98,221.08,17.35,46.58,7.02,3.05,13,2.99,4.97,3.98
10/11/2020,38,5.98,213.05,21.48,53.48,8.02,4.05,15,3.99,4.97,1.98
10/12/2020,42,5.98,223.6,18.48,54.93,11.02,4.05,16,3.99,4,2.95
10/13/2020,46,3.98,225.68,19.39,49.94,11.02,4.05,17,3.99,7,2.95
10/14/2020,53,4.98,243.38,21.39,53.24,9.02,3.05,19,3.99,4,2.95
10/15/2020,50,6.96,250.79,21.39,50.83,10.04,4.05,20,3.99,4,2.95
10/16/2020,55,6.98,276.24,15.39,50.38,9.02,4.05,21,3.99,3,2.95
10/17/2020,51.04,9.54,279.43,16.39,51.19,10.46,3.05,21.96,3.99,3.97,1.98
10/18/2020,50.04,10.54,284.88,21.43,55.74,11.46,3.05,27.92,2.99,3.97,1.98
10/19/2020,58.04,10.55,306.03,23.56,58.46,15.44,3.05,30.92,2.99,4.97,1.99
10/20/2020,57.96,10.55,324.04,27.56,63.45,15.44,3,32,2.99,4,1.01
10/21/2020,64.96,8.95,319.1,27.3,63.65,15.04,3,30,2.99,3,1.01
10/22/2020,66.96,7.95,352.29,27.17,65.59,14.04,4,33.99,5.99,3,2.01
10/23/2020,68,6.93,366.99,27.17,66.89,17.06,5,40.95,4.99,4,2.01
10/24/2020,71.96,8.91,382.89,31.04,63.12,19.06,5,40.95,5.99,5,2.03
10/25/2020,71.96,8.92,376.21,34.03,70.81,20.06,5,40.95,5.99,5,2.02
10/26/2020,69.92,11.92,401.9,34.03,77.12,19.06,5,40.99,4.99,6,1.02
10/27/2020,76.96,10.9,407.85,37.12,83.11,22.08,5,39.95,11.96,4,5.02
10/28/2020,89,10.91,428.22,38.25,92.61,21.08,5,37.91,11.96,5,5.01
10/29/2020,97.04,9.53,456.67,43.25,99.14,16.46,6,41.87,9.98,7,5.01
10/30/2020,100.04,9.53,484.67,48.41,96.99,20.46,6,50.87,11.97,9,4.01
10/31/2020,105.07,7.53,503.61,42.54,98.92,22.46,6,57.88,11.97,8,4.01
11/1/2020,108.05,11.5,517.77,43.67,111.63,22.48,6,63.9,15.97,9,4.02
11/2/2020,109.1,13.49,566.9,49.41,127.77,22.48,8.05,64.85,15.96,11.97,6.01
11/3/2020,105.1,11.92,584.27,49.37,130.39,21.06,7.05,71.89,15.96,12.97,6
11/4/2020,110.83,11.92,631.9,54.48,140.88,27.06,9.05,73.93,17.96,14.94,7.03
11/5/2020,111.79,12.92,651.72,51.61,149.92,28.06,7.05,78.98,19.88,12.97,7
11/6/2020,122.79,10.92,662.68,52.74,161.83,29.06,8.05,83.98,18.88,14.97,6
11/7/2020,128.02,11.92,701.3,54.47,172.26,30.06,9.05,81.98,22.76,12.97,8
11/8/2020,139.1,13.92,747.8,55.69,181.55,33.06,8.05,83.9,22.84,11.97,7
11/9/2020,147.18,15.9,783.77,52.78,182.47,37.08,8.05,94.82,29.85,12,7.97
11/10/2020,145.26,17.87,801.67,52,196.46,37.1,7.05,100.74,30.74,14,4.98
11/11/2020,157.06,18.87,829.34,42.79,205,43.1,7.05,105.08,29.63,14,4.98
11/12/2020,147.98,22.89,835.94,51.86,214.41,42.08,8.1,113.06,27.72,12,5.93
11/13/2020,159.97,22.9,848.51,56.46,213.12,45.08,9.05,123.07,24.85,13.97,6.97
11/14/2020,168.02,21.91,838.68,59.54,198.87,47.06,8.05,134.02,25.85,13.97,8.98
11/15/2020,179.03,20.91,841.88,59.64,197.53,49.06,8.05,140.33,27.57,16.97,6.98
11/16/2020,193.16,24.89,896.64,65.86,209.66,61.08,8.05,155.2,30.46,18.97,7.98
11/17/2020,215.2,28.9,901.78,70.12,213.26,67.06,7.05,165.16,32.46,21.97,8.99
11/18/2020,229.24,23.9,917.78,62.81,227.58,70.08,7,177.97,35.59,18.97,9.02
11/19/2020,222.33,22.91,945.84,65.67,237.66,66.08,8,203.02,41.45,17.94,9.01
11/20/2020,232.34,19.94,942.59,70.45,240.06,60.06,8,209.97,42.56,19.94,9
11/21/2020,223.98,17.96,923.41,77.55,250.37,58.04,7,199.25,44.42,20.94,10
11/22/2020,227.94,21.92,932.8,83.64,256.85,53.08,7,191.33,47.39,21.97,11
11/23/2020,246.14,29.9,934.85,86.41,270.8,64.1,7,198.36,48.3,18.97,11
11/24/2020,241.83,29.9,938.45,92.64,275.2,65.1,8,197.3,48.44,19.94,15.03
11/25/2020,261.83,30.48,976.17,90.68,276.47,60.52,8.05,194.26,53.45,21.94,17.98
11/26/2020,256.89,29.5,944,88.53,262.89,57.5,8.05,195.08,53.46,22.85,18.98
11/27/2020,280.89,30.88,991.04,88.83,261.59,55.1,8,206.04,59.37,24.82,18.08
11/28/2020,297.93,31.86,984.01,88.95,266.5,60.12,7,212,64.34,25.82,16.11
11/29/2020,311.04,30.89,983.66,87,260.77,62.1,8,206.93,63.3,27.79,13.13
11/30/2020,317.11,32.84,1014.14,97.13,275.2,63.16,7.05,212.82,62.3,25.79,16.07
12/1/2020,319.03,35.83,1033.12,94.35,280,64.16,6.05,211.86,64.3,26.85,20.11
12/2/2020,307.3,32.83,1025.58,85.04,280.62,70.16,6.05,205.82,54.57,25.85,22.11
12/3/2020,297.4,36.81,988.67,94.04,279.53,71.18,6,206.72,56.6,22.97,21.04
12/4/2020,291.11,34.8,949.12,82.27,285.85,67.18,6,200.84,60.77,19.94,24.08
12/5/2020,279.15,35.43,891.33,84.18,279.73,58.56,6,200.66,52.91,18.94,20.07
12/6/2020,290,30.47,856.97,83.46,269.96,56.52,5,194.77,53.8,17.91,20.1
12/7/2020,301.68,34.47,882.88,83.59,271.92,59.52,5.05,206.88,57.97,20.91,22.05
12/8/2020,300.12,34.47,842.49,82.6,260.98,58.52,6.05,201.93,55.8,22.94,19.02
12/9/2020,300.33,33.46,841.39,77.47,263.93,57.54,7.05,201.99,53.8,18.94,18.01
12/10/2020,278.61,33.9,836.72,76.25,283.84,61.1,7.05,203.88,51.61,19.97,17.98
12/11/2020,258.41,30.9,832.23,75.48,280.33,61.1,10.15,189.71,47.75,19.94,19.91
12/12/2020,256.98,26.94,802.19,72.35,268.77,56.06,10.15,185.86,47.76,19.94,20.91
12/13/2020,250.26,24.94,802.16,67.34,252.53,62.06,11.15,198.86,45.76,22.94,19.91
12/14/2020,238.54,30.93,807.55,71.35,254.66,63.06,10.15,204.86,42.95,23.85,21.89
12/15/2020,219.55,33.91,779.76,67.09,244.72,60.08,8.2,188.85,39.94,24.85,23.84
12/16/2020,224.89,26.92,758.86,69.85,239.63,61.06,8.15,178.74,39.94,25.82,26.87
12/17/2020,232.61,28.92,747.92,72.19,228.58,56.06,9.15,175.7,39.95,26.79,31.9
12/18/2020,220.12,32.93,714.23,67.87,223.98,57.06,11.15,163.83,37.91,23.79,30.89
12/19/2020,209.33,27.92,671.67,66.11,221.41,55.08,10.15,165.8,37.63,19.85,29.88
12/20/2020,211.9,27.9,647.88,61.46,216.2,50.1,9.1,163.88,39.6,22.82,26.96
12/21/2020,217.9,28.92,671.97,64.42,223.11,44.08,9.15,166.06,39.46,21.82,27.91
12/22/2020,211.18,31.92,672.71,65.31,229.25,47.08,11.2,157.1,39.34,18.88,24.83
12/23/2020,208.25,34.87,641.27,67.2,226.68,41.12,11.2,142.07,36.46,19.88,22.84
12/24/2020,208.25,29.89,605.77,59.33,222.05,35.1,9.15,139.07,30.49,22.88,21.89
12/25/2020,188.21,25.9,584.59,54.2,209.35,40.1,8.15,127.11,25.5,21.76,21.91
12/26/2020,186.93,27.94,593.75,57.09,205.47,41.06,6.05,128.11,24.61,22.73,22.04
12/27/2020,178.93,29.92,581.67,52.33,191.42,45.08,4.05,128.34,30.27,20.73,24.04
12/28/2020,181.01,29.94,594.22,61.18,184.87,47.06,5.05,141.44,34.24,24.67,24.1
12/29/2020,182.08,28.92,595.26,56.33,188.83,44.08,6.1,133.33,38.13,21.58,27.02
12/30/2020,183.91,26.9,585.34,53.13,182.88,48.1,8.05,123.87,31.83,22.55,27.1
12/31/2020,174.95,27.89,549.78,59.09,176.44,49.1,8,120.73,30.97,22.61,21.1
1/1/2021,160.87,23.91,531.07,54.52,157.76,45.08,8,107.91,31.83,21.64,18.1
1/2/2021,162.87,22.96,527.18,57.52,156.65,52.04,7,106.91,32.83,17.82,19.06
1/3/2021,167.83,22.97,511.61,60.65,158.09,44.02,8,100.95,33.83,16.82,21.07
1/4/2021,166.87,22.97,522.23,52.56,168.6,48.02,9,106.86,35.83,16.79,27.1
1/5/2021,158.68,20.97,523.53,52.49,162.57,49.02,9,96.86,32.82,13.82,28.1
1/6/2021,151.64,17.97,541.12,45.49,159.98,47.02,8,91.76,30.96,16.82,27.1
1/7/2021,139.04,17.97,534.3,49.05,155.93,51.02,9,93.84,25.79,14.82,27.1
1/8/2021,134.04,19.96,522.87,50.05,158.4,51.02,10,91.71,22.88,16.82,26.11
1/9/2021,143.93,21.96,488.13,47.68,140.4,49.02,10,86.82,20.99,19.82,27.11
1/10/2021,150.66,24.93,495.67,42.91,146.86,48.04,10,79.86,25.99,22.82,27.12
1/11/2021,159.74,25.93,501.23,44.96,153.17,45.04,8,79.86,24.99,26.79,31.15
1/12/2021,144.97,24.93,479.79,42.88,151.61,48.04,7,76.75,24.99,24.82,31.12
1/13/2021,135.97,23.91,485.49,46.88,152.91,44.06,7,71.75,23.99,21.79,36.12
1/14/2021,127.97,23.91,487.93,46.75,151.6,41.06,5,65.76,22.99,19.91,36.09
1/15/2021,125.97,22.92,473.2,42.79,149.29,43.06,5,66.76,22.99,18.88,42.11
1/16/2021,119.97,22.94,444.85,40.75,142.64,45.04,5,64.8,23.99,19.85,43.11
1/17/2021,107.2,21.94,436.54,37.65,151.81,45.04,5,60.8,24,20.82,44.14
1/18/2021,116.2,19.96,450.05,34.64,146.31,43.02,5,62.8,27,22.73,48.11
1/19/2021,109.16,15.96,434.09,29.64,142.27,39.02,5,63.84,22,21.76,48.08
1/20/2021,108.08,17.95,439.24,33.54,144.26,40.02,5,62.11,18.77,20.76,49.09
1/21/2021,107.04,18.95,437.82,34.41,142.81,42.02,5,58.15,14.77,16.79,49.09
1/22/2021,112.04,22.93,444.49,30.41,138.14,44.04,4,61.15,12.77,15.79,53.09
1/23/2021,108.04,26.91,423.29,27.41,131.34,36.06,4,54.01,11.88,16.79,50.09
1/24/2021,100.96,25.91,403.92,26.42,133.7,32.06,5,51.09,11.88,17.79,51.12
1/25/2021,108.92,23.89,403.72,25.46,130.9,33.08,5,53,11,22.73,56.18
1/26/2021,96.96,26.87,406.55,27.55,125.05,36.08,5,53,12.89,18.82,56.11
1/27/2021,107,26.87,389.64,30.53,120.09,37.08,5,54.1,15.64,18.82,57.11
1/28/2021,103,25.89,375.67,27.54,116.05,34.06,4,56.1,14.64,16.85,57.08
1/29/2021,97,22.91,366.23,27.67,107.36,36.04,4,51.1,13.64,15.85,58.11
1/30/2021,95.74,20.91,355.27,27.67,114.21,36.04,2,43.19,9.92,15.82,57.14
1/31/2021,91.74,16.92,345.32,29.78,105.94,38.04,2,41.19,10.03,15.82,58.13
2/1/2021,95.68,14.92,337.61,32.04,110.39,38.04,3,42.11,7.17,13.85,59.1
2/2/2021,99.59,12.93,336.61,31.08,106.39,43.04,3,42.16,8.17,12.88,62.06
2/3/2021,98.6,13.91,343.54,28.95,108.59,44.06,4,40.15,7.17,11.88,60.06
2/4/2021,93.59,13.91,330.26,30.78,97,43.06,5,37.2,8.17,10.97,60.03
2/5/2021,94.57,13.92,337.76,27.71,92.76,41.04,7,32.2,8,9.97,61.04
2/6/2021,88.53,13.92,326.55,29.88,84.84,40.04,7,29.2,8,9.97,59.04
2/7/2021,84.53,13.93,320.15,31.01,83.11,39.04,8,32.2,4,8.97,62.03
2/8/2021,80.85,14.95,323.4,33.51,83.13,44.02,7,32.11,5,9.97,64.03
2/9/2021,81.71,11.94,321.05,33.7,79.48,45.04,8,34.06,4,10.94,62.02
2/10/2021,78.71,10.94,317.35,31.71,85.17,44.04,8,31.06,5,9.94,60.02
2/11/2021,76.67,12.94,297.59,27.71,81.93,42.04,8,30.1,7,9.85,64.02
2/12/2021,76.67,16.93,281.94,25.71,82.58,42.04,10,28.1,6,10.76,66.03
2/13/2021,76.67,13.93,266.45,23.71,74.07,36.04,10,28.1,5,11.73,65.06
2/14/2021,76.67,12.93,266.78,27.7,67.75,33.04,10,26.1,2,12.73,63.06
2/15/2021,76.67,10.92,276.29,23.74,76.2,32.06,9,27.1,3,12.73,65.05
2/16/2021,77.67,13.89,297.29,22.74,75.2,32.08,8,28.1,4,9.94,65.03
2/17/2021,78.67,12.91,308.66,24.87,73.7,34.06,9,30.1,4,11.94,65.03
2/18/2021,75.71,10.92,292.1,22.74,75.39,34.06,7,30.06,5,10.97,66.02
2/19/2021,71.9,11.93,289.34,21.51,74.15,32.06,7,26.1,5,11.97,65.01
2/20/2021,70.86,9.97,287.43,19.42,72.19,29.02,9,24.1,7,13.97,64.01
2/21/2021,72.86,10.97,275.2,18.42,69.42,27.02,9,23.24,5.86,12.97,66.01
2/22/2021,72.82,8.99,282.51,17.46,78.11,28,9,23.24,5.86,11.97,67.01
2/23/2021,67.87,9.99,272.82,18.46,71.8,29,10,22.19,5.86,12.97,65.01
2/24/2021,68.15,8.97,289.22,18.46,66.11,29.02,9,19.05,2,11.97,65.04
2/25/2021,66.15,5.97,291.71,20.34,64.74,29.02,9,18.05,1,11.94,63.07
2/26/2021,72.19,5.97,283.64,21.29,59.82,28.02,8,16.05,1,8.94,62.07
2/27/2021,70.19,5.99,284.23,23.16,54.37,28,8,17.05,2,8.91,63.07
2/28/2021,66.19,5.99,280.14,25.25,55.37,26,8,20.05,2,9.91,63.07
3/1/2021,67.19,7.99,262.73,23.25,56.78,23,9.05,26.05,2,8.94,63.99
3/2/2021,63.14,8.97,259.35,26.13,63.28,27.02,10.05,22.1,1,8.94,61.99
3/3/2021,63.14,7.97,250.22,22.26,66.28,28.02,8.05,20.1,1,7.97,59.99
3/4/2021,60.14,7.97,232.48,20.43,76.85,29.02,9,22.1,0,5.94,60.07
3/5/2021,50.19,7.99,236.44,20.56,67.77,31,9,21.05,0.99,6.94,60.07
3/6/2021,54.84,5.99,220.97,23.69,57.5,31,11,17.99,0.99,7.94,60.07
3/7/2021,53.84,6.99,225.73,24.69,55.74,29,9,17.99,0.99,6.97,60.04
3/8/2021,56.33,6.99,222.19,27.92,59.56,28,9,15.99,0.99,7.97,61.04
3/9/2021,60.33,7.98,225.41,28.92,63.34,25,9,15.99,2.96,6.97,59.05
3/10/2021,66.33,6.98,218.46,32.92,64.29,23,8,14.13,3.82,6.97,59.05
3/11/2021,70.33,6.98,215.4,32.92,68.35,23,8,15.13,3.82,6.97,61.05
3/12/2021,68.33,7.98,217.9,29.92,59.85,25,10,13.13,3.82,6.97,60.05
3/13/2021,64.56,6.98,205.39,26.69,60.36,23,8,15.13,2.85,11.91,61.08
3/14/2021,66.52,5.98,208.31,24.73,60.44,22,8,16.13,2.85,12.91,62.08
3/15/2021,76.56,5.98,225.96,30.73,66.79,21,8,19.09,2.85,11.91,63.08
3/16/2021,78.56,4.98,247.66,28.95,66.87,23,7,18.09,2.85,10.91,63.05
3/17/2021,81.56,4.98,243.63,28.95,63.9,24,7,19.09,2.85,9.94,62.05
3/18/2021,76.6,4.98,234.63,26.91,69.91,24,8.95,19.09,3.84,11.85,60.1
3/19/2021,77.56,7.98,230.87,22.91,72.67,27,8.95,17.13,3.84,13.85,60.1
3/20/2021,70.56,6.98,218.95,24.69,75.8,27,7.95,17.13,2.85,13.85,60.1
3/21/2021,65.56,7.98,219.94,24.82,77.68,27,6.95,19.13,2.85,14.85,60.1
3/22/2021,65.33,6.98,224,26.31,79.36,27,6.95,21.13,3.85,14.94,59.1
3/23/2021,65.33,7.98,220.19,25.31,76.17,25,6.95,23.13,3.85,11.94,60.1
3/24/2021,71.33,7.98,211.36,26.05,69.37,24,6.95,22.14,4.74,11.94,60.1
3/25/2021,72.37,7.98,221.17,26.05,69.56,21,5.95,23.96,3.88,10.94,59.13
3/26/2021,74.37,9.96,230.82,26.05,68.91,23.02,4.95,26.96,3.88,8.94,58.13
3/27/2021,80.14,8.96,218.64,29.28,59.2,20.02,4.95,29.96,4.77,10.88,58.19
3/28/2021,81.91,8.96,222.65,32.25,56.45,17.02,4.95,34.96,4.77,10.88,58.19
3/29/2021,82.14,8.96,227.5,33.11,56.51,16.02,4.95,39.96,4.77,11.82,57.22
3/30/2021,86.14,8.96,230.3,28.07,55.6,14.02,3,40,3.88,12.79,57.17
3/31/2021,85.09,8.95,234.91,24.2,63.86,16.02,3,39.05,2.88,11.79,57.18
4/1/2021,76.32,10.95,235.42,25.19,68.13,11,3,44.05,2.88,7.88,57.14
4/2/2021,80.6,9.97,233.35,27.32,65.79,12,4,44.05,2.88,8.85,58.12
4/3/2021,74.95,9.98,226.63,31.14,69.38,11,4,46.01,3.88,7.91,58.05
4/4/2021,78.22,10.97,227.5,33.91,65.5,8,3,44.97,4.88,8.91,58.06
4/5/2021,90.17,6.98,234.65,36.64,70.67,9,3,48.97,4.88,7.94,58.05
4/6/2021,102.09,9.97,232.83,36.46,71.56,9,4,45.05,3.99,10.88,58.06
4/7/2021,107.09,10.95,234.46,34.33,75.07,10.02,4,49.05,2.99,11.88,59.06
4/8/2021,96.09,9.95,247.34,30.33,77.19,14.02,5,44.05,2.99,12.91,58.06
4/9/2021,90.9,11.97,272.4,30.72,83.97,14,6,47.01,2.99,13.94,58.06
4/10/2021,84.9,8.97,265,32.59,83.5,13,5,48.01,3.99,15.94,58.06
4/11/2021,76.94,9.97,273.93,37.59,81.57,13,3,49.97,3.99,13.94,58.06
4/12/2021,76.94,8.97,289.56,37.57,89.07,13,4,55.97,4.88,12.91,58.09
4/13/2021,89.1,8.97,299.01,38.41,87.62,13,5,55.98,4.88,12.88,59.12
4/14/2021,94.29,10.97,314.43,38.44,89.05,14,5,52.02,5.77,13.85,59.15
4/15/2021,92.18,9.97,327.31,43.72,87.17,18,6,49.84,5.77,15.85,59.15
4/16/2021,91.45,8.97,329.68,44.66,81.67,20,6,51.76,4.77,17.85,60.15
4/17/2021,90.4,8.97,323.55,40.49,78.82,20,6,47.99,4.74,14.91,60.09
4/18/2021,88.44,8.98,320.3,42.33,82.09,19,6,50.99,4.84,14.94,62.05
4/19/2021,97.4,8.98,345.64,42.07,88.01,18,5,58.17,6.7,14.94,62.05
4/20/2021,105.17,7.98,344.87,41.18,93.88,19,7,58.03,3.86,16.88,63.11
4/21/2021,113.22,9.98,343.05,42.31,92.57,21,8,62.98,3.86,15.88,62.11
4/22/2021,113.99,8.98,356.38,45.41,90.37,23,7,58.98,3.86,17.88,60.11
4/23/2021,112.03,9.96,372.82,44.5,86.8,27.02,6,58.98,1.86,19.82,61.17
4/24/2021,117.99,9.94,356.79,45.67,85.7,28.04,6,59.98,2.86,19.82,62.17
4/25/2021,127.3,11.94,361.33,44.15,84.29,27.04,8,67.07,2.86,18.82,64.17
4/26/2021,132.34,11.94,382.8,49.37,88.56,26.04,8,73.07,4.86,17.85,64.14
4/27/2021,135.29,8.96,388.3,49.41,96.06,23.02,8,75.22,4.72,18.82,63.14
4/28/2021,128.87,8.96,391.08,55,92.15,24.02,8,75.17,7.72,15.85,65.11
4/29/2021,128.64,8.96,402.35,51.23,88.88,29.02,9,75.17,9.72,14.85,63.11
4/30/2021,122.1,9.94,413.2,45.77,97.03,32.04,9.05,72.17,11.72,14.82,65.09
5/1/2021,120.57,8.94,392.6,43.18,82.76,31.04,11.05,72.02,8.86,14.82,62.09
5/2/2021,114.57,9.94,405.88,42.14,95.52,29.04,14,74.02,7.86,13.82,63.14
5/3/2021,123.61,9.96,415.49,41.23,94.78,33.02,12,75.02,6.86,13.82,64.14
5/4/2021,128.2,9.96,414.42,38.67,89.98,30.02,13,79.96,7.75,11.85,62.11
5/5/2021,126.43,9.94,430.56,39.66,89.62,32.04,14,82.96,6.75,11.85,63.11
5/6/2021,131.24,10.92,422.64,42.65,87.67,34.06,15,83.06,5.72,10.88,66.08
5/7/2021,132.43,9.94,419.47,45.31,78.03,34.04,14,75.02,6.72,7.91,69.05
5/8/2021,130.66,9.94,401.78,37.95,83.85,32.04,13,79.02,7.72,6.91,69.05
5/9/2021,126.74,8.94,402.33,37.3,85.95,32.04,15,79.93,9.72,7.88,67.29
5/10/2021,126.62,7.96,409.01,42.21,97.4,30.02,14,74.01,7.72,8.85,67.53
5/11/2021,124.43,6.96,385.01,45.4,99.4,29.02,14.05,66.01,7.69,10.82,66.51
5/12/2021,119.43,5.96,379.96,39.41,96.44,33.02,18.05,66.88,7.83,12.79,67.33
5/13/2021,122.62,5.96,360.15,29.44,94.99,31.02,19.05,63.79,6.97,8.88,66.27
5/14/2021,126.66,7.96,336.87,29.92,90.75,34.02,20,64.79,5.97,10.85,65.14
5/15/2021,115.62,7.96,335.94,26.97,89.67,28.02,23,67.79,4,13.76,67.2
5/16/2021,111.81,6.96,329.44,25.74,88.17,29.02,26,62.83,4,15.76,67.2
5/17/2021,103.85,5.97,347.36,28.92,89.04,32.02,27,62.83,4.99,14.79,66.16
5/18/2021,113.81,5.97,336.77,30.18,89.4,34.02,29,62.83,4,12.85,68.1
5/19/2021,122.85,4.97,343.9,29.01,98.4,33.02,29,61.83,4,11.88,65.1
5/20/2021,112.81,5.97,341.91,28.04,94.4,33.02,30,55.83,5,13.88,69.1
5/21/2021,113.81,5.97,332.31,26.94,89.1,36.02,29,55.83,4,14.88,71.1
5/22/2021,124.58,5.97,313.53,29.9,83.15,39.02,30,57.83,4,14.85,71.1
5/23/2021,121.66,4.97,301.98,30.86,82.7,38.02,30,55.75,5,15.85,73.1
5/24/2021,124.66,6.97,307.37,30.03,83.14,39.02,32,55.75,5,15.85,71.1
5/25/2021,124.62,6.97,297.32,25.99,82.19,43.02,32,55.83,4,14.82,71.13
5/26/2021,125.85,5.97,287.1,20.52,77.66,42.02,30,54.83,4.99,15.82,69.13
5/27/2021,114.81,4.97,282.42,26.65,80.21,40.02,29,48.87,4.99,16.76,73.22
5/28/2021,109.78,5.97,276.38,30.65,77.25,48.02,25,44.94,4.99,15.76,69.22
5/29/2021,109.74,6.97,264.69,29.69,73.93,44.02,27.05,42.94,4,18.64,68.17
5/30/2021,109.74,6.97,262.69,27.69,70.93,45.02,23.05,44.94,4,18.64,71.17
5/31/2021,109.81,5.97,260.18,25.69,72.44,50.02,25.05,47.87,6,15.73,70.08
6/1/2021,104.81,6.97,261.3,30.69,71.32,51.02,29.05,46.87,9,13.79,71.05
6/2/2021,107.41,6.97,248.92,31.95,66.83,55.02,27.05,46.87,9,10.76,69.99
6/3/2021,110.37,8.95,242.05,31.86,70.83,54.04,27.05,50.87,8,10.85,69.99
6/4/2021,116.18,8.95,228.55,33.05,76.33,56.04,28.05,50.87,7,9.88,69.99
6/5/2021,107.1,7.95,218.08,30.06,69.79,52.04,27.1,47.91,8,10.85,70.94
6/6/2021,104.06,7.95,213.08,27.06,69.79,57.04,25.15,44.95,7,9.85,74.89
6/7/2021,100.6,7.93,213.66,22.52,69.21,60.06,24.15,45.95,6,9.85,76.89
6/8/2021,102.68,9.93,204.62,19.52,67.25,60.06,22.1,45.91,5,8.88,74.94
6/9/2021,101.91,9.93,191.82,21.29,61.05,58.06,22.1,43.91,5,7.97,75.94
6/10/2021,99.06,8.93,190.61,21.19,60.13,59.06,21.2,38.99,4,6.97,77.84
6/11/2021,95.29,9.93,178.25,20.96,58.49,60.06,22.15,34.99,3,6.97,74.89
6/12/2021,94.29,9.91,166.25,18.96,55.49,58.08,20.1,31,3,7.97,73.94
6/13/2021,98.69,9.91,165.42,18.44,58.45,57.08,20.1,33,3,7.97,73.94
6/14/2021,94.69,9.91,165.43,17.43,61.45,63.08,21.1,33,3,8.97,77.94
6/15/2021,96.73,5.95,154.85,18.52,55.9,73.04,21.1,34,3,10.94,77.97
6/16/2021,92.73,5.95,153.44,20.39,56.44,73.04,17.1,36,3,8.94,76.97
6/17/2021,92.73,5.95,150.99,27.39,57.89,68.04,15.1,39,3,9.91,75
6/18/2021,95.73,3.97,142.4,27.53,55.34,70.02,14.05,36,3,9.94,74.02
6/19/2021,95.73,3.97,138.4,26.53,58.34,61.02,12.05,35,2,9.94,69.02
6/20/2021,86.73,3.97,133.98,22.4,62.89,61.02,12.05,34,2,12.83,70.02
6/21/2021,85.73,4.97,127.98,24.4,62.89,63.02,11.05,32,3,14.74,74.02
6/22/2021,83.73,4.97,131.39,24.4,62.48,61.02,12.05,31,3,13.77,73.99
6/23/2021,82.68,5.95,130.39,25.4,59.48,64.04,10.05,33.05,2,11.8,75.96
6/24/2021,78.68,5.95,123.77,25.4,51.1,63.04,11.05,30.05,2,9.89,75.96
6/25/2021,75.73,7.93,119.9,30.38,55.1,61.06,11.05,27,2.89,9.9,77.96
6/26/2021,75.73,5.95,113.9,30.38,52.1,54.04,12.05,27,2.89,9.99,78.96
6/27/2021,72.68,5.93,117.28,29.38,47.72,56.06,11.05,27.05,2.89,13.96,77.99
6/28/2021,73.55,6.93,119.78,27.46,50.22,61.06,12.05,29.1,2.89,14.96,77.99
6/29/2021,77.78,5.95,118.83,24.23,53.17,63.04,11.05,29.1,2.89,14.97,78.99
6/30/2021,76.78,5.95,116.02,22.22,50.99,60.04,10.05,31.1,2.89,15,75.96
7/1/2021,77.51,5.95,114.84,19.34,48.17,61.04,8.05,30.1,2,14.91,74.96
7/2/2021,73.59,5.95,116.84,21.3,49.17,58.04,9.05,30.06,3,16.91,78.96
7/3/2021,73.59,5.95,125.83,18.31,53.17,61.04,9.05,30.06,2,13.94,78.99
7/4/2021,74.68,5.94,123.83,18.27,57.17,58.04,10.05,33.01,2,12.94,81
7/5/2021,75.72,6.94,119.78,17.27,54.22,57.04,13.05,38.01,3,13.94,85
7/6/2021,79.67,6.94,117.78,13.23,59.22,56.04,14.05,29.1,3,11.94,82
7/7/2021,77.67,7.94,117.55,13.23,54.45,61.04,13,29.1,3,15.85,80.32
7/8/2021,73.72,6.94,117.55,13.23,51.45,58.04,15,27.19,3.86,16.88,78.29
7/9/2021,65.95,5.96,120.1,12,52.9,63.02,13,26.19,3.86,14.88,79.29
7/10/2021,64.18,5.96,112.31,16,51.41,52.02,12,24.24,3.86,13.94,77.26
7/11/2021,63.18,5.96,111.81,18,50.91,49.02,11,24.24,3.86,16.88,78.29
7/12/2021,72.1,7.94,117.77,20.04,40.95,53.04,12,23.24,3.86,12.91,78.29
7/13/2021,76.87,8.92,109.92,18.17,41.95,51.06,12,25.19,3.86,11.91,74.29
7/14/2021,73.87,9.92,106.42,17.17,40.45,50.06,12,27.19,3.86,11.91,73.29
7/15/2021,71.91,8.92,117.87,17.13,40,46.06,12,31.19,3.86,8.91,75.29
7/16/2021,72.91,8.92,120.18,15.13,43.69,42.06,12,32.19,3.86,11.88,71.32
7/17/2021,74.86,11.9,128.18,12.13,43.69,38.08,11,34.24,3.86,12.88,71.32
7/18/2021,69.9,11.92,132.18,12.13,40.69,41.06,9,29.24,3.86,11.88,72.32
7/19/2021,77.9,10.92,143.22,14.13,48.65,44.06,9,30.24,4.86,10.91,73.29
7/20/2021,72.95,9.92,134.22,11.13,50.65,44.06,10,28.19,4.86,9.94,73.26
7/21/2021,70.95,8.93,130.22,10.13,45.66,40.06,10,25.19,7.85,9.85,73.04
7/22/2021,73.67,5.95,137.23,10.35,50.66,33.04,11,24.24,7.85,9.82,72.07
7/23/2021,74.67,5.95,141.9,11.22,51.12,35.04,14,25.24,8.85,8.82,71.07
7/24/2021,70.67,4.97,136.9,12.22,47.13,36.02,12,21.24,7.84,10.76,70.1
7/25/2021,77.46,5.95,139.18,11.53,46.58,37.04,9,20.24,8.01,10.76,69.1
7/26/2021,75.5,6.95,150.73,13.53,51.04,39.04,10,23.06,8.14,10.76,67.1
7/27/2021,72.5,5.95,165.69,13.53,48.08,45.04,11,24.06,9.14,7.91,70.04
7/28/2021,75.41,6.95,163.69,12.4,50.21,48.04,10,28.15,9.14,8.88,70.07
7/29/2021,77.45,6.95,161.92,12.74,52.77,38.04,10.95,25.24,9.87,8.88,67.12
7/30/2021,84.45,5.97,162.92,13.74,59.75,35.02,9.95,24.24,7.89,9.87,68.12
7/31/2021,85.5,5.97,165.83,20.83,57.74,35.02,9.95,22.19,8.9,9.87,70.12
8/1/2021,86.46,7.97,173.98,24.87,56.59,33.02,8,22.19,7.9,8.87,67.07
8/2/2021,87.46,9.95,188.53,23.87,58.03,35.04,8,25.19,8.91,8.88,68.07
8/3/2021,93.74,10.95,186.75,19.87,56.53,31.04,9,29.19,8.91,7.91,69.04
8/4/2021,94.14,11.95,198.39,20.61,63.76,34.04,10,29.19,12.91,10.85,68.07
8/5/2021,94.18,11.95,204.29,18.61,63.86,33.04,10,28.15,12.91,9.85,67.07
8/6/2021,100.22,9.95,212.09,19.17,67.5,35.04,11.1,27.11,10.91,9.88,69.97
8/7/2021,104.26,10.95,213.08,24.13,73.52,33.04,11.15,30.11,12.89,11.85,72.95
8/8/2021,106.21,9.95,219.12,28.13,84.59,35.04,10.2,33.16,15.75,11.88,72.87
8/9/2021,109.89,9.95,226.49,35.13,90.51,35.04,10.15,31.2,17.72,12.88,71.92
8/10/2021,104.66,8.95,230.35,39.36,91.63,33.04,10.1,36.2,13.74,12.88,73.97
8/11/2021,104.39,7.97,246.47,39.63,100.62,30.02,8.05,39.2,12.66,13.85,73.02
8/12/2021,108.39,6.95,237.1,37.61,95.01,34.04,7.1,42.2,12.66,14.85,71.97
8/13/2021,106.39,6.95,242.05,39.72,105.06,32.04,7.25,41.2,14.55,13.85,74.82
8/14/2021,100.62,8.95,252.1,40.45,107.01,33.04,9.2,36.24,14.55,13.88,72.9
8/15/2021,108.32,10.95,272.05,35.72,110.17,29.04,9.2,39.27,16.44,16.85,72.9
8/16/2021,106.36,11.95,280.18,38.81,119.8,30.04,9.15,45.27,14.58,18.79,72.01
8/17/2021,112.72,11.95,284.97,45.83,119.71,30.04,10.05,47.19,11.58,18.82,69.08
8/18/2021,108.18,10.95,307.03,50.48,122.54,32.04,10.05,49.19,10.58,21.79,69.11
8/19/2021,124.93,12.93,322.62,43.71,127.95,29.06,10.05,51.17,10.58,21.76,70.14
8/20/2021,126.97,14.95,315.61,47.6,134.96,31.04,10.05,52.13,11.69,22.73,71.14
8/21/2021,126.97,13.95,313.79,46.69,121.69,34.04,10.1,51.04,10.78,22.82,72
8/22/2021,128.7,16.95,304.88,48.05,129.51,33.04,13.15,51.04,11.78,23.82,71.95
8/23/2021,134.51,14.97,320.28,51.05,138.4,32.02,12.15,53.95,12.77,20.82,68.95
8/24/2021,137.01,13.97,324.66,46.81,142.8,29.02,13.15,55.95,10.77,17.88,73.89
8/25/2021,130.93,12.97,340.22,53.03,145.25,29.02,12.2,59.8,9.77,16.91,75.84
8/26/2021,134.45,15.98,351.28,55.93,153.41,29,11.15,57.84,10.05,16.91,75.9
8/27/2021,141.18,16.98,364.75,57.32,148.83,31,12.25,54.84,11.04,17.82,74.8
8/28/2021,148.45,16.98,369.12,59.35,148.21,35,13.2,54.8,11.03,17.82,72.85
8/29/2021,146.49,18.98,377.84,57.22,164.51,42,15.2,58.8,10.14,18.79,74.88
8/30/2021,146.18,19.98,396.4,56.76,170.72,43,16.25,58.8,11.14,19.7,74.83
8/31/2021,142.18,17.98,403.17,59.85,175.92,38,14.25,59.84,11.04,19.73,71.8
9/1/2021,138.27,16.98,395.16,61.81,180.97,43,15.2,55.92,11.87,18.76,71.82
9/2/2021,146.04,16.99,396.13,64.15,168,41,14.2,54.92,12.76,20.67,72.81
9/3/2021,148.96,15.99,415.96,62.23,178.17,40,14.15,54.92,14.76,19.76,73.86
9/4/2021,151.19,15.99,405.48,52.23,167.42,38,15.1,62.92,14.76,19.76,74.91
9/5/2021,158.19,16.98,398.84,51.32,172.96,36,18.1,65.92,14.77,16.85,76.92
9/6/2021,159.45,14.98,412.85,54.13,171.56,36,21.05,66.96,12.05,15.85,77.97
9/7/2021,171.64,15.98,420.41,52.66,179.08,37,19.15,73.04,13.17,13.85,76.87
9/8/2021,173.68,16.98,431.61,54.65,180.9,40,21.2,73,13.16,17.94,76.82
9/9/2021,172.68,20.98,424.41,53.87,180.88,43,20.2,68,11.16,17.94,77.82
9/10/2021,175.6,20.98,424.05,56.82,170.37,42,19.25,66,12.16,19.94,75.77
9/11/2021,175.6,24.98,407.08,53.91,166.25,39,17.25,65.99,14.16,22.94,77.77
9/12/2021,178.69,23.98,416.35,59.95,159.94,40,15.25,70.86,14.16,21.94,76.77
9/13/2021,177.88,24.98,435.42,63.07,166.81,41,15.35,75.71,15.05,23.91,81.7
9/14/2021,177.84,25.97,427.38,64.15,165.81,36,16.35,71.71,17.05,23.91,83.71
9/15/2021,186.76,25.95,427.26,64.23,167.85,33.02,17.25,62.93,19.91,27.88,78.84
9/16/2021,192.72,25.95,429.76,67.23,154.35,36.02,15.2,63.97,21.91,22.88,77.89
9/17/2021,178.95,22.95,438.13,70.25,161.73,40.02,16.15,68.97,22.91,20.91,80.91
9/18/2021,177.92,18.97,423.11,71.84,159.01,43,14.15,70.04,19.02,23.91,80.91
9/19/2021,181.84,18.97,426.83,66.84,161.33,44,17.2,73.36,17.74,24.91,77.86
9/20/2021,189.09,16.97,429.6,73.03,165.33,53,14.15,77.32,17.54,25.88,80.15
9/21/2021,186.99,16.97,429.8,67.99,169.13,52,14.2,80.46,20.54,27.85,81.13
9/22/2021,199.05,15.93,431.98,69.46,174.44,50.04,13.2,78.44,21.54,29.85,80.13
9/23/2021,195.14,15.92,421.32,73.11,171.45,53.04,15.2,75.07,20.85,26.88,82.11
9/24/2021,197.22,15.94,401.56,73.2,175.08,56.02,16.2,75.03,20.85,23.85,81.14
9/25/2021,184.35,14.94,393.3,68.07,173.43,56.02,15.2,72.98,20.85,24.7,83.08
9/26/2021,187.44,15.94,401.36,62.98,180.46,56.02,16.2,75.89,18.82,23.7,87.08
9/27/2021,200.48,17.94,412.43,63.98,177.39,61.02,17.15,75.86,19.82,25.73,85.92
9/28/2021,201.4,20.92,412.75,61.01,171.15,60.04,19.15,72.94,18.71,25.64,87.92
9/29/2021,198.21,21.88,409.39,55.35,162.51,62.08,22.2,75.9,22.6,26.63,91.87
9/30/2021,190.17,19.9,396.16,58.44,151.69,66.06,18.15,72.9,22.6,24.63,90.92
10/1/2021,196.13,17.91,392.12,55.53,158.64,68.06,17.2,76.88,27.6,24.6,88.86
10/2/2021,189.85,21.89,398.04,55.4,162.13,68.08,16.15,75.88,23.63,23.57,89.91
10/3/2021,192.93,21.92,386.43,53.23,160.84,65.04,17.15,82.88,25.62,22.67,87.92
10/4/2021,199.79,14.97,408.73,65.06,175.65,69,18.2,88.84,24.86,23.58,90.86
10/5/2021,198.63,14.96,417.46,57.9,182.01,71.02,20.2,90.96,25.97,24.49,91.85
10/6/2021,200.63,14.96,417.7,63.91,188.76,63.02,20.2,92.96,26.97,26.4,94.85
10/7/2021,198.67,11.99,426.34,66.74,188.24,58,18.15,91.96,27.98,25.61,92.89
10/8/2021,198.67,12.99,418.84,63.85,187.74,56,16.15,92.96,24.87,22.61,94.89
10/9/2021,194.71,15.97,416.67,62.85,192.93,58.02,19.15,92.06,28.71,21.7,89.89
10/10/2021,197.44,15.97,414.98,64.12,192.58,65.02,20.15,103.06,28.71,20.73,87.89
10/11/2021,215.4,12.97,431.44,67.55,195.76,69.02,18.1,110.06,26.72,20.58,90.91
10/12/2021,224.67,12.97,439.16,72.32,201.05,66.02,19.1,109.92,29.85,22.46,89.91
10/13/2021,209.49,9.97,432.15,66.9,196.7,71.02,19.1,109.87,29.86,22.46,91.91
10/14/2021,214.49,13.92,447.26,67.08,202.41,76.06,22.1,107.88,27.86,28.31,93.98
10/15/2021,204.26,13.92,445,68.58,196.5,71.06,21.1,109.88,31.76,30.4,94.98
10/16/2021,205.03,12.94,451.95,62.69,196.68,79.04,24.1,104.02,30.61,30.43,98.95
10/17/2021,224.07,12.94,464.1,59.56,201.62,81.04,25.1,106.02,30.62,28.52,98.95
10/18/2021,236.8,16.5,489.39,59,208.16,80.48,26.05,106.02,29.62,29.61,94
10/19/2021,232.84,13.52,509.78,66.7,206.03,77.46,26.05,105.02,29.62,28.67,94.03
10/20/2021,247.8,15.5,521.49,71.61,227.45,74.48,27.05,117.02,28.62,27.64,99.06
10/21/2021,241.49,16.07,529.39,71.89,238.56,74.9,26.05,113.93,28.72,28.58,102.07
10/22/2021,245.49,17.05,507.31,76.15,248.42,66.92,28.05,115.9,27.72,31.58,107.07
10/23/2021,244.76,16.49,485.82,69.14,240.65,71.48,27.05,110.04,28.58,32.55,105.1
10/24/2021,244.62,15.48,511.56,68.71,247.34,69.5,29.05,123.18,25.58,30.58,105.09
10/25/2021,268.54,14.49,541.32,73.21,245.21,72.48,29.05,129,25.71,29.58,116.1
10/26/2021,260.58,15.49,559.37,76.22,250.07,67.48,27,123,28.71,33.58,113.15
10/27/2021,250.81,15.9,570.62,77.65,250.12,72.06,25.95,119.04,28.71,32.61,115.18
10/28/2021,244.15,16.88,578.48,66.16,250.52,71.08,25.95,113.93,26.71,31.67,117.12
10/29/2021,248.23,18.86,586.47,70.91,252.85,72.1,29,117.93,27.6,30.66,120.07
10/30/2021,234.35,17.86,567.48,68.14,248.57,75.1,29,123.85,27.6,33.48,120.07
10/31/2021,237.27,18.86,583.64,65.85,249.62,74.1,29,129.89,22.72,31.48,124.07
11/1/2021,237.38,18.87,614.89,75.72,270.48,81.1,29.95,134.78,21.74,31.3,120.11
11/2/2021,231.42,16.89,626.28,77.48,278.22,82.08,28.9,142.74,19.85,31.33,123.37
11/3/2021,231.89,19.12,625.88,79.35,281.29,80.86,30.9,146.74,24.84,28.31,123.36
11/4/2021,231.17,18.13,635.83,79.95,288.35,79.86,29.95,144.72,23.98,31.31,118.3
11/5/2021,236.29,18.13,650.19,81,279.86,83.86,27.95,153.81,27.84,31.37,120.33
11/6/2021,233.93,18.13,621.65,85.87,270.77,89.86,25.95,156.9,26.84,31.37,122.33
11/7/2021,230.93,19.11,645.41,77.92,276.18,84.88,26.95,169.91,31.62,32.28,116.36
11/8/2021,236.77,18.87,689.4,81.28,286.06,88.12,27.95,178.84,33.62,32.28,120.36
11/9/2021,242.5,18.47,714.99,81.53,280.34,88.52,26.95,179.88,34.73,31.46,114.36
11/10/2021,252.59,17.47,694.04,86.62,274.2,87.52,27.95,185.07,33.45,28.73,116.27
11/11/2021,253.78,15.49,705.11,83.42,269.14,89.5,26.95,187.07,35.45,31.7,115.3
11/12/2021,255.9,14.49,696.54,86.64,263.48,84.5,28.95,182.09,37.31,29.76,117.33
11/13/2021,240.54,17.48,701.94,85.01,243.94,78.5,26.95,183.22,34.31,28.58,110.34
11/14/2021,230.77,17.48,711.41,81.74,247.48,75.5,27.17,182.4,37.16,28.64,109.34
11/15/2021,250.45,19.17,736.51,89.25,264.15,79.52,26.17,184.46,40.15,27.64,112.13
11/16/2021,254.45,18.59,742.74,93.34,250.83,92.1,27.17,179.45,47.15,26.73,115.13
11/17/2021,254.32,20.55,756.7,87.23,242.09,100.14,29.95,176.58,51.04,29.58,114.16
11/18/2021,260.32,22.57,756.12,78.49,244.52,98.12,30,181.58,52.93,32.43,113.17
11/19/2021,258.56,20.59,758.68,73.09,258.12,94.1,30,168.42,51.08,28.46,120.14
11/20/2021,255.56,19.59,752.5,73,249.41,90.1,28,163.29,51.21,30.37,114.14
11/21/2021,237.87,18.19,747.31,71.51,254.83,92.5,28,165.25,50.2,35.34,114.2
11/22/2021,244.86,19.19,763.8,71.27,256.47,98.5,27.95,168.28,54.31,35.4,118.28
11/23/2021,244.51,21.17,761.75,68.62,249.55,96.52,29.95,167.05,53.46,37.37,118.31
11/24/2021,244.42,20.46,750.74,70.77,238.35,89.52,30,160.1,50.56,35.37,124.23
11/25/2021,229.47,22.46,724.45,72.62,224.63,80.52,30,161.09,45.68,35.34,123.26
11/26/2021,232.3,22.89,755.28,74.7,219.79,78.08,32.95,166.01,44.86,37.4,123.32
11/27/2021,227.91,23.47,744.84,74.14,204.14,78.5,36.95,163.04,47.83,36.43,121.32
11/28/2021,227.66,25.05,738.49,75.61,205.36,77.92,33.95,172,51.83,41.4,119.35
11/29/2021,231.89,22.08,753.82,83.13,196.18,84.9,34.95,177.96,52.98,43.43,113.37
11/30/2021,232.44,21.08,760.41,83.99,197.13,83.9,38.95,177.01,50,43.43,115.37
12/1/2021,238.51,18.9,734.11,91.62,203.87,81.08,40.95,168.02,44.86,38.64,114.34
12/2/2021,228.73,17.91,732.12,89.45,204.99,82.06,39.95,167.01,45.69,35.64,120.32
12/3/2021,217.92,16.93,727.41,85.6,192.43,81.04,37.95,162.82,43.81,39.58,124.35
12/4/2021,211.88,18.95,727.72,83.56,187.16,79.02,29.95,150.86,40.81,37.46,122.38
12/5/2021,218.92,19.95,737.1,81.55,176.79,79.02,29.95,154.82,38.81,35.46,121.32
12/6/2021,233.92,21.95,767.91,86.97,185.67,79.02,29.95,157.82,42.7,35.49,121.32
12/7/2021,242.96,20.97,766.16,80.97,179.41,84,28.95,161.64,40.85,32.52,118.32
12/8/2021,240,20.97,770.19,80.84,175.5,80,25.95,157.6,38.83,34.39,113.26
12/9/2021,238,19.94,744.75,83.53,176.25,75.02,26.95,150.6,38.83,32.48,113.27
12/10/2021,239.69,17.94,726.57,75.96,174.39,73.02,24.95,147.64,44.71,30.54,105.24
12/11/2021,238.48,17.94,683.76,78.18,162.02,67.02,24.95,137.64,38.88,27.57,106.21
12/12/2021,232.21,16.95,686.69,76,163.66,68.02,23.95,139.64,42.77,28.48,104.2
12/13/2021,237.21,19.19,682.03,79.13,167.19,77.78,27,145.64,37.8,28.49,108.15
12/14/2021,229.44,20.19,697.47,82.7,164.88,75.78,25,144.6,37.91,29.49,106.15
12/15/2021,226.08,18.21,676.12,74.7,167.5,73.76,24.05,134.68,33.92,26.4,102.1
12/16/2021,224.31,20.19,666.57,64.2,161.35,67.78,24.05,134.68,37.89,26.34,106.07
12/17/2021,220.15,23.17,638.71,60.15,155.33,66.8,24.05,124.76,35.9,24.42,102.07
12/18/2021,212.11,24.17,611.54,55.13,140.37,66.8,23.05,113.84,31.01,25.33,98.07
12/19/2021,205.07,26.15,597.43,52.27,145.23,66.82,23,115.86,26.12,25.36,96.15
12/20/2021,216.07,24.93,588.95,55.15,146.82,70.04,22,114.86,26.13,24.36,96.15
12/21/2021,219.85,24.51,581.8,61.03,147.32,67.46,21,113.85,27.13,27.27,93.15
12/22/2021,210.21,23.51,586.37,58.9,154.52,65.46,23,106.85,25.13,24.3,92.15
12/23/2021,202.16,23.93,578.45,56.95,139.42,60.04,23,101.86,23.14,25.36,91.15
12/24/2021,196.09,23.93,576.85,61.91,133.29,59.04,23,105.86,22.98,22.48,95.12
12/25/2021,195.28,19.95,570.23,59.83,132.91,59.02,25,100.86,23.87,21.48,91.12
12/26/2021,209.28,19.95,589.84,60.22,131.9,60.02,25,103.86,23.88,20.66,89.12
12/27/2021,209.01,22.93,652.44,61.61,143.18,63.02,23,108.86,25.88,21.69,89.14
12/28/2021,204.82,24.93,673.52,65.1,149.84,69.02,22,109.82,24.88,22.69,89.14
12/29/2021,215.86,26.93,702.47,63.8,163.15,74.02,21,105.82,25.88,20.81,90.14
12/30/2021,219.32,26.94,749.29,72.06,174.56,76.02,21,99.87,21.88,21.81,90.13
12/31/2021,214.41,25.94,723.69,75.25,169.87,71.02,21,98.87,18.89,21.84,90.1
1/1/2022,214.41,26.94,709.54,78.16,175.11,59.02,21,94.87,17.89,21.87,90.13
1/2/2022,211.44,29.95,763.05,76.94,165.86,55,22,98.8,17.89,22.87,89.14
1/3/2022,228.19,32.94,827.15,84.5,171.24,61,22,98.84,18.06,22.87,87.15
1/4/2022,237.35,33.94,875.58,78.95,186.15,57,22,102.03,19.92,24.78,84.15
1/5/2022,250.08,32.95,884.28,74.86,201.58,60,23,107.26,18.92,24.75,85.14
1/6/2022,249.31,35.93,911.94,73.37,214.19,58.02,23,112.26,18.91,23.78,87.14
1/7/2022,239.68,38.9,945.15,85.68,214.63,60.04,23.05,115.1,18.74,22.81,86.07
1/8/2022,231.49,32.9,950.16,97.47,211.06,59.04,24.1,110.05,18.69,20.81,88.02
1/9/2022,237.38,33.88,961.63,102.77,209.52,57.06,24.1,104.93,18.69,20.81,88.02
1/10/2022,244.27,33.88,999.25,99.98,221.81,59.06,26.1,102.93,17.69,26.72,85.02
1/11/2022,257.22,31.88,1004.22,100.26,228.6,60.06,29.2,106.94,15.72,28.69,86.95
1/12/2022,267.05,35.9,1000.58,100.35,219.15,67.04,29.2,112.81,17.06,26.66,88.98
1/13/2022,284.09,40.89,993.77,94.04,216.28,73.04,29.2,117.77,18.05,26.69,87.96
1/14/2022,288.24,43.89,975.41,86.81,238.63,84.04,28.15,117.85,20.05,27.63,86.98
1/15/2022,260.7,44.9,913.76,81.23,231.74,80.02,28.15,126.68,20.88,24.63,86.99
1/16/2022,261.51,40.91,876.08,85.51,230.33,78.02,27.15,128.68,19.88,21.66,86.95
1/17/2022,275.2,42.48,866.68,73.91,252.64,79.44,26.15,134.68,17.88,17.81,86.99
1/18/2022,268.16,44.46,833.07,62.99,253.26,79.46,27.1,147.63,17.88,20.75,84.1
1/19/2022,269.12,41.46,751.21,54.99,241.12,64.46,26.1,148.67,15.88,18.81,84.04
1/20/2022,221.12,38.47,677.19,48.73,202.36,62.46,25.1,132.71,14.88,16.81,83.03
1/21/2022,221.12,38.47,677.19,48.73,202.36,62.46,25.1,132.71,14.88,14.9,83.03
