dates,CountOfPatientsInHospitalWithCOVID,HospCOVIDPatients0to19,HospCOVIDPatients20to39,HospCOVIDPatients40to64,HospCOVIDPatients65plus,CountOfPatientsInICUWithCOVID,ICUCOVIDPatients0to19,ICUCOVIDPatients20to39,ICUCOVIDPatients40to64,ICUCOVIDPatients65plus,CountOfPatientsOnVentWithCOVID,VentCOVIDPatients0to19,VentCOVIDPatients20to39,VentCOVIDPatients40to64,VentCOVIDPatients65plus,CountOfPatientsOnDialysisWithCOVID,DialysisCOVIDPatients0to19,DialysisCOVIDPatients20to39,DialysisCOVIDPatients40to64,DialysisCOVIDPatients65plus
3/1/2020,19,0,0,2,17,0,0,0,0,0,1,0,0,0,1,0,0,0,0,0
3/2/2020,20,1,0,2,17,1,1,0,0,0,2,1,0,0,1,0,0,0,0,0
3/3/2020,21,1,0,2,18,1,1,0,0,0,2,1,0,0,1,0,0,0,0,0
3/4/2020,22,1,0,3,18,1,1,0,0,0,2,1,0,0,1,0,0,0,0,0
3/5/2020,22,1,0,3,18,2,1,0,0,1,2,1,0,0,1,0,0,0,0,0
3/6/2020,23,1,0,4,18,2,1,0,0,1,2,1,0,0,1,0,0,0,0,0
3/7/2020,24,1,1,4,18,3,1,1,0,1,2,1,0,0,1,0,0,0,0,0
3/8/2020,31,1,1,5,24,4,1,1,0,2,3,1,0,0,2,0,0,0,0,0
3/9/2020,36,1,2,7,26,7,1,1,0,5,4,1,0,0,3,0,0,0,0,0
3/10/2020,38,2,2,9,25,9,2,1,1,5,7,2,0,1,4,0,0,0,0,0
3/11/2020,45,2,3,13,27,10,2,1,2,5,9,2,0,2,5,0,0,0,0,0
3/12/2020,49,2,3,15,29,9,2,1,1,5,7,2,0,1,4,0,0,0,0,0
3/13/2020,58,2,4,19,33,14,2,2,5,5,9,2,0,3,4,0,0,0,0,0
3/14/2020,65,2,5,20,38,20,2,3,6,9,12,2,0,5,5,1,0,1,0,0
3/15/2020,80,2,6,26,46,26,2,3,9,12,13,2,0,6,5,2,0,1,0,1
3/16/2020,103,2,11,36,54,33,2,2,15,14,18,2,0,7,9,2,0,1,0,1
3/17/2020,121,2,12,44,63,36,2,1,16,17,21,2,0,7,12,3,0,1,1,1
3/18/2020,153,2,11,68,72,47,2,2,20,23,23,2,0,8,13,3,0,0,1,2
3/19/2020,193,2,18,81,92,58,2,3,26,27,31,2,1,10,18,3,0,0,1,2
3/20/2020,227,2,20,93,112,78,2,6,34,36,44,2,4,14,24,3,0,0,1,2
3/21/2020,260,2,26,101,131,91,2,11,37,41,55,2,7,19,27,5,0,0,2,3
3/22/2020,298,2,30,117,149,104,2,12,44,46,61,2,8,24,27,4,0,0,2,2
3/23/2020,378,6,33,152,187,131,3,13,58,57,79,3,10,31,35,5,0,0,2,3
3/24/2020,448,9,44,178,217,162,4,17,67,74,96,4,14,36,42,5,0,0,2,3
3/25/2020,502,8,50,206,238,192,4,19,82,87,118,4,13,46,55,6,0,0,2,4
3/26/2020,565,7,54,235,269,220,4,21,101,94,127,4,13,57,53,9,0,0,4,5
3/27/2020,624,5,61,260,298,247,4,26,110,107,144,4,16,65,59,8,0,0,3,5
3/28/2020,673,7,68,279,319,267,5,26,123,113,156,4,18,70,64,9,0,0,3,6
3/29/2020,702,7,68,299,328,298,5,27,143,123,170,4,18,80,68,11,0,0,4,7
3/30/2020,781,8,78,336,359,339,6,34,158,141,246,4,27,119,96,12,0,0,4,8
3/31/2020,843,10,85,369,379,363,5,38,174,146,279,4,30,135,110,15,0,0,6,9
4/1/2020,881,11,88,394,388,386,7,35,188,156,299,4,27,148,120,17,0,0,8,9
4/2/2020,917,11,87,407,412,405,8,34,199,164,317,4,28,161,124,17,0,0,8,9
4/3/2020,926,11,81,406,428,406,8,31,197,170,328,4,29,161,134,15,0,0,8,7
4/4/2020,934,12,89,397,436,424,7,35,205,177,334,5,30,167,132,17,0,0,9,8
4/5/2020,937,13,93,400,431,433,6,39,218,170,340,3,32,175,130,16,0,0,9,7
4/6/2020,976,13,91,412,460,436,6,41,221,168,343,3,31,177,132,18,0,0,11,7
4/7/2020,1001,10,99,427,465,445,6,42,232,165,356,4,29,192,131,21,0,0,13,8
4/8/2020,1002,10,91,432,469,449,6,37,239,167,357,4,31,192,130,24,0,0,14,10
4/9/2020,997,11,75,438,473,442,6,32,242,162,337,4,26,188,119,25,0,0,15,10
4/10/2020,989,12,81,434,462,427,6,32,241,148,320,4,26,182,108,29,0,0,17,12
4/11/2020,982,11,84,432,455,425,6,33,239,147,317,4,28,175,110,30,0,1,18,11
4/12/2020,986,10,86,440,450,413,6,40,222,145,308,4,30,164,110,26,0,1,15,10
4/13/2020,1004,10,91,449,454,409,6,40,220,143,303,3,29,168,103,26,0,1,15,10
4/14/2020,1003,9,91,451,452,403,6,35,219,143,300,3,28,164,105,27,0,1,16,10
4/15/2020,1007,10,95,457,445,386,7,33,220,126,290,4,29,160,97,26,0,2,16,8
4/16/2020,1008,11,103,449,445,379,7,32,209,131,279,4,30,149,96,25,0,2,15,8
4/17/2020,1001,11,101,451,438,373,7,29,208,129,274,4,30,149,91,27,0,2,17,8
4/18/2020,995,13,103,446,433,373,7,32,202,132,275,4,29,153,89,27,0,2,17,8
4/19/2020,1003,14,101,435,453,388,7,34,206,141,279,4,30,155,90,27,0,2,16,9
4/20/2020,1015,14,97,430,474,391,8,34,209,140,272,5,27,152,88,26,0,2,16,8
4/21/2020,1009,12,90,432,475,389,6,31,212,140,271,4,24,156,87,30,0,2,16,12
4/22/2020,993,11,83,425,474,378,5,29,207,137,246,3,21,142,80,30,0,2,15,13
4/23/2020,979,11,86,430,452,376,5,26,209,136,243,3,18,138,84,28,0,1,14,13
4/24/2020,952,10,87,417,438,380,5,28,201,146,248,4,19,138,87,29,0,1,17,11
4/25/2020,923,15,88,399,421,373,7,28,192,146,242,5,18,132,87,29,0,1,16,12
4/26/2020,898,14,86,386,412,357,6,33,192,126,233,5,21,128,79,27,0,1,15,11
4/27/2020,919,14,86,393,426,362,6,30,197,129,238,5,22,133,78,26,0,1,14,11
4/28/2020,913,11,87,390,425,354,5,30,198,121,235,5,22,131,77,25,0,1,15,9
4/29/2020,891,9,86,379,417,328,5,28,186,109,229,5,23,130,71,26,0,1,15,10
4/30/2020,867,8,87,373,399,319,5,24,180,110,232,5,20,134,73,30,0,2,17,11
5/1/2020,868,11,85,374,398,327,5,23,184,115,236,5,19,132,80,30,0,1,18,11
5/2/2020,811,11,76,347,377,319,4,25,177,113,229,4,21,126,78,33,0,2,19,12
5/3/2020,806,13,75,348,370,324,5,27,180,112,232,4,21,127,80,33,0,2,20,11
5/4/2020,808,10,73,352,373,317,5,28,176,108,224,4,23,123,74,31,0,2,17,12
5/5/2020,763,11,71,335,346,307,6,27,167,107,216,4,23,116,73,31,0,2,17,12
5/6/2020,740,13,68,319,340,289,7,24,155,103,208,4,18,111,75,29,0,2,17,10
5/7/2020,720,14,66,316,324,281,6,23,155,97,202,4,17,109,72,25,0,2,15,8
5/8/2020,706,14,64,315,313,277,7,23,150,97,199,4,16,107,72,26,0,3,15,8
5/9/2020,656,11,65,297,283,274,6,23,153,92,187,4,17,104,62,29,0,3,16,10
5/10/2020,645,11,65,291,278,256,6,24,140,86,189,4,19,102,64,30,0,3,17,10
5/11/2020,652,13,69,288,282,258,6,25,140,87,182,4,19,101,58,33,0,3,18,12
5/12/2020,635,12,67,286,270,259,5,25,143,86,175,4,19,95,57,33,0,3,17,13
5/13/2020,619,11,60,288,260,242,3,25,135,79,173,3,20,94,56,33,0,3,17,13
5/14/2020,618,10,62,288,258,230,3,23,126,78,171,3,20,94,54,31,0,2,16,13
5/15/2020,601,10,66,287,238,227,3,26,124,74,172,3,21,96,52,28,0,2,16,10
5/16/2020,567,8,68,264,227,224,3,28,119,74,170,3,24,89,54,29,0,3,15,11
5/17/2020,545,9,65,263,208,220,4,29,118,69,168,3,23,89,53,27,0,4,14,9
5/18/2020,557,13,71,257,216,209,6,27,110,66,166,3,23,89,51,28,0,4,14,10
5/19/2020,558,12,75,258,213,215,6,28,111,70,165,3,22,90,50,27,0,4,14,9
5/20/2020,561,13,74,258,216,206,6,28,102,70,158,5,21,83,49,27,0,4,14,9
5/21/2020,530,13,70,246,201,202,7,27,102,66,153,5,22,79,47,24,0,4,14,6
5/22/2020,501,12,69,237,183,201,6,27,102,66,153,4,21,79,49,22,0,3,13,6
5/23/2020,479,10,64,224,181,195,4,21,104,66,152,4,18,79,51,17,0,1,12,4
5/24/2020,460,11,58,210,181,202,5,18,109,70,148,4,15,79,50,15,0,1,10,4
5/25/2020,454,10,57,208,179,205,5,20,109,71,144,4,13,78,49,17,0,2,10,5
5/26/2020,461,8,58,214,181,204,4,20,111,69,143,4,13,79,47,18,0,2,11,5
5/27/2020,461,9,57,218,177,196,4,20,103,69,139,4,14,77,44,17,0,2,11,4
5/28/2020,446,10,56,210,170,189,4,20,103,62,136,4,14,76,42,17,0,2,11,4
5/29/2020,411,12,44,197,158,183,4,17,98,64,135,4,11,77,43,17,0,2,11,4
5/30/2020,393,12,46,189,146,176,5,16,96,59,129,3,11,78,37,17,0,2,11,4
5/31/2020,366,10,43,175,138,176,6,16,91,63,121,3,10,72,36,16,0,2,11,3
6/1/2020,370,12,43,170,145,174,6,15,87,66,118,3,11,68,36,16,0,2,11,3
6/2/2020,361,10,43,168,140,164,5,13,87,59,114,3,11,67,33,15,0,3,9,3
6/3/2020,348,11,38,158,141,147,5,12,76,54,105,3,10,62,30,17,0,3,10,4
6/4/2020,322,11,31,151,129,134,5,11,73,45,97,3,10,55,29,17,0,3,10,4
6/5/2020,314,11,27,154,122,129,5,10,74,40,96,2,10,56,28,17,0,3,10,4
6/6/2020,286,12,26,131,117,124,4,10,68,42,90,2,10,50,28,17,0,3,10,4
6/7/2020,284,10,28,129,117,116,3,8,62,43,84,2,8,48,26,17,0,3,10,4
6/8/2020,288,10,30,130,118,116,4,8,61,43,77,2,7,45,23,16,0,3,9,4
6/9/2020,269,9,27,121,112,112,4,9,58,41,76,3,7,43,23,15,0,3,9,3
6/10/2020,256,9,30,113,104,111,4,10,56,41,74,3,7,42,22,14,0,3,8,3
6/11/2020,250,9,26,114,101,109,4,10,58,37,70,3,7,41,19,14,0,4,7,3
6/12/2020,247,9,29,111,98,103,4,11,52,36,70,3,7,42,18,14,0,4,7,3
6/13/2020,242,6,31,107,98,97,4,11,50,32,65,3,6,40,16,13,0,2,8,3
6/14/2020,239,5,35,107,92,95,3,12,50,30,61,3,7,35,16,12,0,1,7,4
6/15/2020,243,8,33,107,95,97,3,11,52,31,60,3,7,35,15,12,0,1,7,4
6/16/2020,248,6,31,114,97,96,3,11,52,30,61,3,7,35,16,13,0,1,8,4
6/17/2020,251,5,31,115,100,91,2,11,48,30,59,2,8,33,16,15,0,2,9,4
6/18/2020,246,7,32,110,97,85,4,8,43,30,51,2,7,29,13,14,0,2,8,4
6/19/2020,240,7,34,104,95,84,5,10,38,31,48,2,8,24,14,14,0,2,8,4
6/20/2020,234,6,38,99,91,75,5,10,36,24,48,2,8,25,13,12,0,2,6,4
6/21/2020,237,6,40,100,91,76,5,10,37,24,44,2,8,22,12,10,0,2,6,2
6/22/2020,237,6,36,105,90,78,4,13,38,23,45,2,7,22,14,10,0,2,6,2
6/23/2020,239,7,40,107,85,72,4,11,38,19,45,2,5,25,13,12,0,2,8,2
6/24/2020,223,8,35,101,79,71,4,10,39,18,40,2,3,23,12,11,0,2,8,1
6/25/2020,222,9,36,100,77,70,3,9,40,18,39,2,3,22,12,10,0,1,8,1
6/26/2020,213,11,34,97,71,74,3,8,45,18,42,2,4,24,12,9,0,1,8,0
6/27/2020,206,9,29,100,68,74,3,9,45,17,44,2,5,24,13,9,0,1,8,0
6/28/2020,207,6,28,103,70,65,3,7,41,14,44,2,5,26,11,9,0,1,8,0
6/29/2020,217,5,27,108,77,62,3,4,37,18,45,2,4,27,12,9,0,1,8,0
6/30/2020,221,6,26,107,82,68,3,3,40,22,45,2,3,27,13,12,0,1,11,0
7/1/2020,225,8,27,106,84,71,3,3,39,26,45,2,3,27,13,12,0,1,11,0
7/2/2020,227,8,22,109,88,76,3,4,42,27,49,2,4,29,14,11,0,1,10,0
7/3/2020,229,9,24,104,92,80,3,4,43,30,51,2,4,30,15,12,0,1,10,1
7/4/2020,228,8,25,106,89,88,3,6,46,33,51,2,4,30,15,12,0,1,10,1
7/5/2020,234,8,27,113,86,99,4,9,50,36,53,3,6,30,14,12,0,1,9,2
7/6/2020,254,10,31,120,93,109,5,14,50,40,54,3,6,29,16,13,0,1,10,2
7/7/2020,266,11,31,122,102,104,5,12,50,37,54,3,5,30,16,12,0,1,9,2
7/8/2020,275,9,34,126,106,99,4,10,49,36,54,3,6,30,15,12,0,1,8,3
7/9/2020,291,10,32,134,115,101,5,9,49,38,52,3,5,30,14,11,0,0,8,3
7/10/2020,283,9,31,128,115,103,5,9,52,37,50,3,3,28,16,13,0,1,9,3
7/11/2020,290,8,29,133,120,104,6,9,53,36,53,4,2,31,16,10,0,1,6,3
7/12/2020,308,8,37,141,122,105,6,9,52,38,57,4,3,33,17,8,0,1,5,2
7/13/2020,323,11,37,134,141,110,5,7,51,47,55,4,2,29,20,9,0,1,6,2
7/14/2020,330,13,40,139,138,110,5,7,49,49,55,4,2,28,21,8,0,1,6,1
7/15/2020,343,11,39,146,147,113,6,5,48,54,56,5,2,26,23,8,0,1,6,1
7/16/2020,344,11,41,151,141,111,4,7,50,50,54,3,3,27,21,9,0,2,6,1
7/17/2020,358,11,43,158,146,110,4,8,51,47,57,3,3,27,24,5,0,1,3,1
7/18/2020,353,7,45,147,154,109,4,9,48,48,58,3,3,26,26,5,0,1,3,1
7/19/2020,350,6,50,138,156,109,4,10,46,49,60,3,3,27,27,5,0,1,3,1
7/20/2020,362,7,52,139,164,112,4,9,50,49,59,3,3,27,26,5,0,1,3,1
7/21/2020,335,6,43,125,161,112,4,8,51,49,59,3,4,26,26,6,0,2,3,1
7/22/2020,321,6,40,128,147,108,4,8,50,46,59,3,4,28,24,4,0,1,2,1
7/23/2020,330,7,38,141,144,108,4,6,55,43,59,3,4,30,22,5,0,1,2,2
7/24/2020,324,7,37,143,137,107,4,6,56,41,61,3,4,31,23,5,0,1,2,2
7/25/2020,322,6,33,142,141,104,5,6,53,40,63,3,5,31,24,3,0,0,2,1
7/26/2020,324,7,39,140,138,103,6,8,49,40,62,3,4,30,25,4,0,0,2,2
7/27/2020,331,6,38,146,141,104,6,8,52,38,62,3,5,31,23,5,0,0,3,2
7/28/2020,325,8,39,141,137,105,6,8,51,40,60,2,3,32,23,6,0,0,4,2
7/29/2020,321,9,43,143,126,102,4,8,54,36,62,2,3,36,21,6,0,0,5,1
7/30/2020,318,8,41,144,125,106,4,8,55,39,63,2,3,37,21,5,0,0,5,0
7/31/2020,303,9,42,135,117,100,4,7,49,40,60,2,3,34,21,6,0,1,5,0
8/1/2020,280,8,42,121,109,100,4,7,52,37,61,2,3,35,21,6,0,1,4,1
8/2/2020,274,7,35,120,112,97,4,7,49,37,61,2,3,34,22,4,0,0,3,1
8/3/2020,280,7,35,120,118,101,4,10,49,38,61,2,3,33,23,5,0,0,3,2
8/4/2020,283,7,36,123,117,100,5,10,46,39,59,3,3,31,22,6,0,0,4,2
8/5/2020,279,6,36,120,117,96,4,9,46,37,59,2,3,32,22,6,0,0,4,2
8/6/2020,276,6,37,117,116,95,3,9,47,36,58,2,3,31,22,7,0,0,4,3
8/7/2020,267,6,35,114,112,91,3,9,46,33,57,2,4,31,20,8,0,0,4,4
8/8/2020,260,7,33,113,107,87,3,9,46,29,59,2,5,32,20,7,0,0,4,3
8/9/2020,258,9,29,109,111,90,4,9,48,29,61,3,5,32,21,6,0,0,4,2
8/10/2020,258,10,31,107,110,88,4,9,49,26,64,3,6,34,21,7,0,0,5,2
8/11/2020,255,9,27,109,110,89,4,9,49,27,63,3,6,34,20,8,0,0,5,3
8/12/2020,247,8,25,111,103,87,4,8,48,27,60,3,5,32,20,8,0,0,5,3
8/13/2020,241,6,26,112,97,86,3,7,47,29,59,3,4,31,21,8,0,0,5,3
8/14/2020,234,6,23,113,92,86,3,7,46,30,60,3,4,32,21,5,0,0,4,1
8/15/2020,230,5,24,111,90,85,3,8,46,28,59,3,4,30,22,5,0,0,4,1
8/16/2020,228,5,20,109,94,80,3,8,41,28,58,3,4,29,22,6,0,0,4,2
8/17/2020,220,6,18,101,95,81,3,7,42,29,57,3,4,27,23,6,0,0,4,2
8/18/2020,227,7,22,102,96,79,3,7,39,30,57,3,5,25,24,6,0,0,4,2
8/19/2020,238,9,25,104,100,83,3,7,41,32,59,3,5,26,25,6,0,0,4,2
8/20/2020,238,10,25,103,100,84,3,9,38,34,59,3,6,26,24,6,0,0,4,2
8/21/2020,236,9,28,101,98,80,3,10,36,31,55,3,7,25,20,4,0,0,4,0
8/22/2020,228,7,31,94,96,70,3,8,31,28,52,3,5,24,20,3,0,0,3,0
8/23/2020,220,8,31,89,92,68,3,8,29,28,46,3,3,24,16,3,0,0,3,0
8/24/2020,227,9,30,92,96,66,3,9,29,25,45,3,3,25,14,3,0,0,3,0
8/25/2020,225,8,27,94,96,75,4,10,32,29,46,4,4,25,13,3,0,0,3,0
8/26/2020,236,8,27,103,98,79,4,7,37,31,46,4,4,24,14,3,0,0,3,0
8/27/2020,227,7,26,101,93,75,4,7,35,29,48,4,5,25,14,5,0,0,4,1
8/28/2020,229,8,24,104,93,76,5,6,36,29,44,4,4,24,12,5,0,0,4,1
8/29/2020,227,8,26,96,97,73,4,5,32,32,39,3,3,21,12,5,0,0,3,2
8/30/2020,230,7,28,95,100,77,4,6,35,32,42,3,5,22,12,4,0,0,3,1
8/31/2020,241,6,32,100,103,83,4,6,39,34,45,3,5,25,12,5,0,0,3,2
9/1/2020,233,8,32,98,95,76,3,6,38,29,45,3,4,26,12,5,0,0,3,2
9/2/2020,233,6,30,99,98,80,4,7,39,30,43,3,4,26,10,5,0,0,3,2
9/3/2020,228,6,27,101,94,78,4,7,40,27,42,3,3,27,9,5,0,0,3,2
9/4/2020,230,6,27,105,92,79,3,7,42,27,42,3,2,27,10,4,0,0,2,2
9/5/2020,232,6,30,105,91,79,3,7,43,26,40,3,3,26,8,4,0,0,2,2
9/6/2020,237,10,29,103,95,76,6,7,38,25,41,4,3,25,9,3,0,0,2,1
9/7/2020,231,12,25,101,93,76,5,6,39,26,38,3,3,23,9,3,0,0,2,1
9/8/2020,234,11,26,101,96,79,5,6,39,29,44,4,4,24,12,3,0,0,2,1
9/9/2020,243,13,26,102,102,73,4,7,35,27,41,4,4,20,13,3,0,0,2,1
9/10/2020,246,15,28,102,101,72,4,7,34,27,42,3,4,22,13,4,0,0,3,1
9/11/2020,243,12,31,103,97,69,3,9,36,21,39,2,3,23,11,4,0,0,3,1
9/12/2020,238,11,28,104,95,67,3,7,36,21,38,2,3,24,9,3,0,0,2,1
9/13/2020,246,11,26,114,95,68,3,6,40,19,37,2,3,23,9,3,0,0,2,1
9/14/2020,256,10,27,116,103,65,2,6,37,20,37,2,3,22,10,5,0,0,2,3
9/15/2020,252,9,25,117,101,65,2,5,38,20,36,2,2,21,11,4,0,0,2,2
9/16/2020,253,11,27,118,97,69,4,4,38,23,41,3,2,24,12,4,0,0,3,1
9/17/2020,257,10,28,119,100,71,3,5,37,26,41,2,3,24,12,4,0,0,3,1
9/18/2020,261,11,30,118,102,67,2,4,36,25,42,2,3,25,12,4,0,0,3,1
9/19/2020,250,10,28,116,96,68,2,4,38,24,46,2,3,28,13,3,0,0,2,1
9/20/2020,255,12,29,116,98,68,2,4,39,23,45,2,3,27,13,3,0,0,2,1
9/21/2020,267,11,33,116,107,72,1,4,38,29,43,1,3,25,14,3,0,0,2,1
9/22/2020,271,10,32,119,110,76,1,3,40,32,45,1,2,27,15,4,0,0,3,1
9/23/2020,285,10,34,127,114,84,2,4,43,35,47,2,2,29,14,5,0,0,4,1
9/24/2020,289,10,36,120,123,83,2,5,41,35,50,2,4,28,16,6,0,0,5,1
9/25/2020,301,14,38,120,129,88,4,4,42,38,51,4,4,26,17,6,0,0,4,2
9/26/2020,289,13,41,112,123,91,4,5,45,37,48,4,3,25,16,5,0,0,3,2
9/27/2020,293,13,41,117,122,91,3,6,47,35,50,3,3,28,16,5,0,1,3,1
9/28/2020,297,12,31,124,130,88,3,6,48,31,50,3,3,29,15,4,0,0,3,1
9/29/2020,302,11,28,128,135,91,3,7,47,34,54,3,4,28,19,4,0,0,3,1
9/30/2020,321,12,33,136,140,105,4,9,52,40,59,4,5,30,20,4,0,0,3,1
10/1/2020,323,12,37,138,136,106,4,12,52,38,61,4,5,32,20,5,0,0,4,1
10/2/2020,341,12,42,139,148,98,4,11,48,35,61,4,5,33,19,6,0,0,5,1
10/3/2020,343,13,52,134,144,98,4,14,46,34,63,4,7,33,19,7,0,1,5,1
10/4/2020,341,12,49,131,149,103,5,14,43,41,71,5,8,34,24,8,0,1,5,2
10/5/2020,363,12,54,140,157,106,5,16,42,43,70,5,8,34,23,7,0,1,4,2
10/6/2020,377,12,52,146,167,106,5,14,45,42,68,5,8,33,22,7,0,1,4,2
10/7/2020,403,11,55,161,176,109,5,14,48,42,63,5,6,31,21,6,0,0,4,2
10/8/2020,399,11,55,158,175,107,4,12,46,45,64,4,7,30,23,3,0,0,2,1
10/9/2020,410,9,57,163,181,108,4,13,48,43,64,4,7,30,23,5,0,0,3,2
10/10/2020,419,11,52,169,187,111,5,11,48,47,64,5,7,32,20,5,0,0,3,2
10/11/2020,421,13,50,174,184,122,6,13,55,48,65,6,7,32,20,6,0,0,3,3
10/12/2020,437,14,49,185,189,128,7,15,61,45,65,6,8,34,17,8,0,0,3,5
10/13/2020,450,13,52,188,197,123,6,16,59,42,61,5,8,32,16,8,0,0,4,4
10/14/2020,470,15,57,198,200,129,7,17,59,46,63,5,10,31,17,8,0,0,4,4
10/15/2020,489,17,59,206,207,137,7,15,62,53,64,5,9,31,19,9,0,0,5,4
10/16/2020,516,18,66,215,217,154,7,17,69,61,74,5,9,35,25,8,0,0,5,3
10/17/2020,515,18,60,213,224,160,7,15,75,63,82,6,9,38,29,8,0,0,4,4
10/18/2020,540,18,59,223,240,166,7,14,78,67,84,7,9,40,28,9,0,0,5,4
10/19/2020,583,16,56,241,270,183,6,14,84,79,85,6,8,39,32,13,0,0,6,7
10/20/2020,614,16,60,247,291,190,6,13,83,88,85,6,8,37,34,12,0,0,6,6
10/21/2020,610,15,61,237,297,197,7,12,83,95,92,7,8,39,38,15,0,0,7,8
10/22/2020,646,16,63,254,313,201,7,12,85,97,96,7,9,39,41,16,0,0,7,9
10/23/2020,668,16,65,258,329,201,8,11,91,91,98,8,8,42,40,14,0,0,6,8
10/24/2020,697,16,74,263,344,205,8,12,90,95,104,8,8,46,42,14,0,0,8,6
10/25/2020,694,15,71,260,348,207,8,12,88,99,111,8,7,45,51,13,0,0,7,6
10/26/2020,734,18,77,279,360,220,8,12,93,107,120,8,8,49,55,14,0,1,7,6
10/27/2020,766,20,82,293,371,250,9,13,102,126,123,9,8,49,57,14,0,1,6,7
10/28/2020,804,21,83,313,387,253,10,11,101,131,129,9,7,54,59,12,0,1,5,6
10/29/2020,838,24,80,332,402,264,8,12,111,133,128,7,7,58,56,15,0,2,6,7
10/30/2020,882,24,84,344,430,277,8,14,117,138,136,7,7,63,59,14,0,2,5,7
10/31/2020,910,28,94,336,452,268,9,15,107,137,136,8,7,63,58,17,0,2,9,6
11/1/2020,961,31,105,354,471,278,9,17,109,143,140,9,8,64,59,16,0,1,8,7
11/2/2020,1040,30,117,387,506,288,11,17,113,147,145,8,11,64,62,18,0,1,10,7
11/3/2020,1060,30,107,402,521,285,10,17,122,136,154,8,12,70,64,17,0,0,10,7
11/4/2020,1144,25,123,428,568,297,12,18,123,144,167,8,12,77,70,17,0,0,12,5
11/5/2020,1178,24,119,441,594,306,10,18,127,151,166,7,12,75,72,19,0,0,15,4
11/6/2020,1208,24,124,464,596,316,9,22,129,156,170,6,13,79,72,19,0,0,14,5
11/7/2020,1264,26,124,491,623,329,9,23,136,161,178,6,14,83,75,16,0,1,9,6
11/8/2020,1327,30,123,509,665,341,8,20,140,173,182,6,13,86,77,16,0,2,8,6
11/9/2020,1390,31,146,515,698,364,12,22,152,178,190,8,12,91,79,19,0,1,12,6
11/10/2020,1440,30,145,534,731,367,14,21,157,175,197,9,11,95,82,19,0,1,12,6
11/11/2020,1486,35,138,553,760,387,13,20,167,187,204,8,13,97,86,21,0,1,14,6
11/12/2020,1510,36,140,551,783,395,11,23,172,189,200,6,10,96,88,24,0,1,15,8
11/13/2020,1528,35,141,565,787,410,7,23,180,200,209,5,11,99,94,25,0,2,13,10
11/14/2020,1536,40,137,578,781,415,6,25,186,198,204,4,12,95,93,27,0,2,14,11
11/15/2020,1570,42,132,596,800,409,5,23,181,200,200,3,11,95,91,24,0,1,12,11
11/16/2020,1698,44,139,625,890,423,6,24,187,206,214,4,11,102,97,26,0,1,15,10
11/17/2020,1758,44,146,640,928,431,6,30,178,217,221,4,12,98,107,24,0,1,13,10
11/18/2020,1802,39,157,636,970,454,5,32,182,235,228,4,12,98,114,22,0,1,12,9
11/19/2020,1846,34,168,651,993,475,4,32,186,253,239,4,14,98,123,25,0,1,13,11
11/20/2020,1843,30,171,642,1000,482,4,30,200,248,246,4,12,106,124,25,0,0,12,13
11/21/2020,1826,26,166,644,990,484,4,27,199,254,260,4,11,117,128,28,0,0,12,16
11/22/2020,1857,27,175,639,1016,484,3,28,192,261,259,3,10,114,132,30,0,0,11,19
11/23/2020,1930,28,164,665,1073,492,3,24,193,272,265,3,9,113,140,32,0,0,11,21
11/24/2020,1935,26,160,669,1080,499,2,22,197,278,267,2,8,112,145,36,0,0,14,22
11/25/2020,1992,22,168,673,1129,490,2,27,193,268,275,2,13,118,142,35,0,0,13,22
11/26/2020,1949,25,164,661,1099,494,2,27,193,272,270,2,14,122,132,32,0,0,13,19
11/27/2020,2014,25,161,673,1155,497,2,26,204,265,277,2,13,123,139,31,0,0,13,18
11/28/2020,2047,26,164,680,1177,515,2,29,215,269,273,2,15,119,137,31,0,0,13,18
11/29/2020,2046,23,168,682,1173,521,2,29,219,271,285,2,17,125,141,33,0,0,13,20
11/30/2020,2121,27,164,710,1220,505,3,27,210,265,289,2,18,125,144,34,0,0,15,19
12/1/2020,2151,27,171,716,1237,515,3,29,214,269,295,2,20,123,150,35,0,0,14,21
12/2/2020,2115,31,165,709,1210,523,4,27,219,273,295,2,19,125,149,35,0,0,14,21
12/3/2020,2072,31,175,706,1160,515,5,32,213,265,307,2,20,132,153,35,0,0,15,20
12/4/2020,2019,27,169,694,1129,496,4,30,205,257,300,2,20,130,148,35,0,0,16,19
12/5/2020,1921,29,152,660,1080,488,3,27,195,263,298,2,19,121,156,33,0,0,16,17
12/6/2020,1877,31,148,635,1063,480,3,22,189,266,295,2,14,122,157,31,0,0,15,16
12/7/2020,1944,32,155,658,1099,475,4,22,185,264,287,2,14,119,152,31,0,0,15,16
12/8/2020,1887,34,139,639,1075,463,6,19,181,257,287,2,12,121,152,28,0,0,13,15
12/9/2020,1900,35,145,637,1083,470,8,19,187,256,284,3,14,117,150,27,0,0,13,14
12/10/2020,1908,42,151,643,1072,484,8,24,185,267,280,3,17,111,149,27,0,0,15,12
12/11/2020,1867,42,145,642,1038,480,9,22,189,260,283,4,18,118,143,26,0,2,14,10
12/12/2020,1812,40,138,634,1000,484,8,25,190,261,286,1,18,119,148,26,0,1,12,13
12/13/2020,1806,36,134,626,1010,478,8,26,182,262,295,1,19,120,155,28,0,2,12,14
12/14/2020,1812,38,125,625,1024,466,5,22,185,254,297,1,18,123,155,29,0,2,13,14
12/15/2020,1734,34,126,595,979,456,6,24,186,240,292,3,21,125,143,31,0,2,12,17
12/16/2020,1700,34,126,574,966,445,7,25,176,237,288,3,21,119,145,31,0,1,12,18
12/17/2020,1682,35,125,579,943,430,6,22,172,230,289,2,19,123,145,30,0,1,11,18
12/18/2020,1623,30,121,561,911,421,5,22,179,215,275,2,18,126,129,30,0,2,12,16
12/19/2020,1555,31,114,522,888,409,3,23,173,210,273,1,16,128,128,30,0,2,12,16
12/20/2020,1518,32,110,525,851,400,3,21,175,201,263,2,15,122,124,29,0,2,10,17
12/21/2020,1555,33,121,532,869,398,3,21,173,201,258,1,17,118,122,30,0,2,11,17
12/22/2020,1555,30,122,536,867,411,4,25,174,208,252,1,18,114,119,29,0,1,12,16
12/23/2020,1497,28,125,520,824,393,5,27,162,199,244,1,18,112,113,24,0,1,11,12
12/24/2020,1426,23,120,499,784,379,4,24,164,187,229,1,16,106,106,27,0,1,13,13
12/25/2020,1343,19,117,461,746,364,6,24,156,178,221,2,15,102,102,25,0,1,12,12
12/26/2020,1373,21,119,476,757,366,8,25,158,175,230,3,16,107,104,25,0,1,12,12
12/27/2020,1351,23,120,469,739,347,9,22,145,171,217,4,18,101,94,21,0,1,10,10
12/28/2020,1398,30,128,485,755,349,8,20,151,170,211,4,15,100,92,21,0,1,11,9
12/29/2020,1409,34,133,491,751,348,9,19,147,173,212,5,14,98,95,19,0,0,11,8
12/30/2020,1378,32,134,485,727,326,7,20,141,158,204,4,14,94,92,21,0,1,11,9
12/31/2020,1328,30,121,478,699,307,8,18,133,148,196,2,12,92,90,22,0,1,13,8
1/1/2021,1250,32,106,454,658,254,6,12,104,132,186,2,11,86,87,24,0,2,12,10
1/2/2021,1257,30,107,452,668,256,4,15,103,134,185,2,13,84,86,21,0,2,10,9
1/3/2021,1250,28,108,450,664,268,6,19,114,129,182,2,14,85,81,22,0,2,10,10
1/4/2021,1270,30,117,440,683,271,5,20,119,127,183,2,14,85,82,22,0,2,10,10
1/5/2021,1252,34,119,429,670,264,4,22,115,123,184,1,13,88,82,23,0,2,10,11
1/6/2021,1235,34,127,426,648,248,4,24,109,111,172,2,13,86,71,20,0,2,11,7
1/7/2021,1210,39,129,421,621,249,7,26,100,116,175,4,14,79,78,21,0,1,12,8
1/8/2021,1199,37,131,416,615,244,6,24,99,115,166,4,10,76,76,18,0,1,9,8
1/9/2021,1159,32,118,412,597,234,6,17,96,115,165,5,10,74,76,19,0,1,9,9
1/10/2021,1176,35,121,408,612,244,7,20,97,120,164,4,12,70,78,15,0,1,7,7
1/11/2021,1204,34,123,429,618,252,7,24,97,124,163,4,15,68,76,16,0,1,8,7
1/12/2021,1167,32,129,410,596,250,8,25,96,121,159,4,17,68,70,18,0,1,8,9
1/13/2021,1155,34,126,407,588,250,8,22,96,124,155,4,17,66,68,17,0,1,8,8
1/14/2021,1150,34,122,410,584,252,7,20,102,123,151,3,16,62,70,19,0,0,9,10
1/15/2021,1116,29,111,403,573,247,4,17,109,117,151,3,15,64,69,17,0,0,8,9
1/16/2021,1068,26,105,385,552,246,4,18,113,111,152,3,17,65,67,18,0,0,9,9
1/17/2021,1051,22,101,380,548,250,3,18,115,114,155,3,16,70,66,15,0,0,8,7
1/18/2021,1069,23,102,386,558,251,3,19,117,112,155,3,16,71,65,18,0,0,9,9
1/19/2021,1032,26,91,369,546,258,4,21,117,116,153,2,16,70,65,17,0,0,8,9
1/20/2021,1031,26,89,378,538,264,4,19,121,120,149,2,15,66,66,16,0,0,9,7
1/21/2021,1018,28,95,361,534,267,5,22,116,124,148,2,15,67,64,17,0,0,8,9
1/22/2021,1022,36,99,356,531,263,6,23,110,124,143,3,15,62,63,17,0,0,7,10
1/23/2021,974,35,100,342,497,251,4,22,104,121,139,3,15,58,63,14,0,0,6,8
1/24/2021,940,29,96,328,487,236,4,20,105,107,136,3,14,62,57,16,0,0,9,7
1/25/2021,947,25,99,330,493,223,5,16,97,105,130,3,14,59,54,15,0,0,9,6
1/26/2021,948,27,98,328,495,225,4,18,92,111,126,3,12,58,53,17,0,0,11,6
1/27/2021,939,29,100,321,489,221,6,17,88,110,118,3,11,52,52,15,0,0,8,7
1/28/2021,907,28,101,301,477,217,7,20,86,104,113,3,11,49,50,13,0,0,7,6
1/29/2021,873,26,102,287,458,214,7,16,91,100,110,3,10,49,48,14,0,0,6,8
1/30/2021,845,24,95,283,443,206,3,14,93,96,108,3,8,52,45,15,0,1,6,8
1/31/2021,824,21,89,286,428,196,3,11,88,94,104,3,8,49,44,13,0,0,6,7
2/1/2021,832,27,87,287,431,193,5,11,86,91,106,3,8,52,43,14,0,0,5,9
2/2/2021,838,26,86,296,430,202,5,12,95,90,108,3,9,52,44,17,0,2,5,10
2/3/2021,835,24,90,294,427,199,5,14,91,89,110,4,10,53,43,16,0,2,5,9
2/4/2021,806,27,77,292,410,193,5,11,90,87,106,3,7,55,41,20,0,2,5,13
2/5/2021,799,26,76,299,398,191,4,11,93,83,109,2,8,60,39,16,0,2,5,9
2/6/2021,761,23,79,290,369,186,4,13,94,75,108,2,9,61,36,16,0,2,5,9
2/7/2021,743,25,76,281,361,185,4,14,92,75,110,2,7,61,40,15,0,0,5,10
2/8/2021,753,24,79,281,369,184,4,11,88,81,108,2,6,58,42,14,0,0,5,9
2/9/2021,749,24,83,279,363,177,5,12,85,75,108,2,8,57,41,15,0,1,5,9
2/10/2021,738,22,83,278,355,181,5,12,92,72,114,2,7,63,42,12,0,0,3,9
2/11/2021,718,25,82,258,353,177,5,11,85,76,113,2,7,61,43,9,0,0,3,6
2/12/2021,710,22,75,258,355,180,5,11,90,74,111,2,7,60,42,8,0,0,4,4
2/13/2021,671,20,70,250,331,174,4,8,88,74,106,1,6,55,44,10,0,0,5,5
2/14/2021,661,24,67,244,326,176,4,8,91,73,111,1,7,60,43,12,0,0,6,6
2/15/2021,670,23,70,248,329,168,4,8,88,68,109,2,6,58,43,12,0,0,5,7
2/16/2021,687,26,77,250,334,166,3,9,84,70,109,3,6,57,43,12,0,0,5,7
2/17/2021,701,24,79,257,341,161,3,7,82,69,105,4,5,54,42,11,0,0,4,7
2/18/2021,684,23,76,251,334,157,4,7,77,69,101,1,5,54,41,10,0,0,3,7
2/19/2021,678,23,76,250,329,163,4,9,78,72,101,1,6,52,42,9,0,0,3,6
2/20/2021,676,24,79,252,321,158,4,10,76,68,99,1,7,50,41,8,0,0,3,5
2/21/2021,659,21,85,246,307,153,3,10,76,64,97,1,8,51,37,9,0,0,4,5
2/22/2021,672,21,80,249,322,157,3,12,74,68,99,1,7,52,39,9,0,0,4,5
2/23/2021,648,20,79,243,306,148,2,12,70,64,98,1,5,52,40,11,0,0,5,6
2/24/2021,643,21,75,237,310,141,2,12,65,62,99,1,6,50,42,9,0,0,4,5
2/25/2021,637,23,69,240,305,145,3,11,69,62,94,1,5,46,42,9,0,0,4,5
2/26/2021,625,24,77,237,287,140,3,12,68,57,90,1,5,43,41,9,0,0,4,5
2/27/2021,619,23,74,238,284,142,3,9,71,59,91,1,5,44,41,10,0,0,4,6
2/28/2021,620,20,80,232,288,136,2,10,69,55,91,1,6,43,41,9,0,0,3,6
3/1/2021,609,20,77,226,286,139,2,8,69,60,88,1,6,40,41,9,0,0,3,6
3/2/2021,610,20,75,227,288,136,2,8,65,61,89,1,6,41,41,9,0,0,3,6
3/3/2021,594,16,77,220,281,129,1,10,61,57,85,1,5,41,38,9,0,0,3,6
3/4/2021,584,20,75,222,267,143,3,10,64,66,88,1,6,41,40,7,0,0,2,5
3/5/2021,570,20,76,219,255,140,3,10,64,63,86,1,7,38,40,7,0,0,2,5
3/6/2021,551,21,75,214,241,131,3,10,57,61,84,1,7,36,40,8,0,0,2,6
3/7/2021,550,24,76,216,234,135,2,12,59,62,86,1,7,38,40,7,0,0,2,5
3/8/2021,556,27,78,214,237,121,3,12,53,53,82,0,6,37,39,8,0,0,2,6
3/9/2021,567,27,80,218,242,124,2,12,54,56,77,0,6,32,39,8,0,0,3,5
3/10/2021,567,29,81,212,245,121,0,12,56,53,77,0,6,31,40,8,0,0,3,5
3/11/2021,580,29,80,217,254,126,0,13,59,54,82,0,7,33,42,8,0,0,3,5
3/12/2021,570,32,80,218,240,125,0,13,60,52,74,0,8,31,35,6,0,0,3,3
3/13/2021,561,35,79,213,234,119,1,15,57,46,73,1,8,32,32,6,0,0,3,3
3/14/2021,569,37,78,219,235,118,2,13,58,45,74,1,7,32,34,6,0,0,3,3
3/15/2021,614,41,84,245,244,126,3,12,61,50,74,1,8,31,34,6,0,0,2,4
3/16/2021,630,39,88,255,248,131,2,12,64,53,73,0,8,31,34,5,0,0,2,3
3/17/2021,623,38,86,254,245,137,2,13,68,54,69,0,7,30,32,5,0,0,2,3
3/18/2021,624,37,89,250,248,135,3,11,69,52,66,0,7,30,29,8,0,1,4,3
3/19/2021,623,36,89,250,248,133,2,11,66,54,70,0,7,33,30,9,0,1,5,3
3/20/2021,595,35,84,239,237,128,1,13,68,46,64,0,8,30,26,9,0,1,5,3
3/21/2021,594,36,89,241,228,125,1,14,66,44,66,0,9,32,25,9,0,1,5,3
3/22/2021,608,34,91,251,232,130,0,16,66,48,65,0,9,32,24,10,0,1,6,3
3/23/2021,594,30,88,244,232,129,2,14,64,49,63,0,8,31,24,9,0,1,5,3
3/24/2021,585,34,80,239,232,125,3,11,59,52,64,0,7,33,24,9,0,1,5,3
3/25/2021,581,34,77,239,231,118,1,12,58,47,62,0,8,32,22,5,0,1,3,1
3/26/2021,598,37,85,246,230,118,3,14,55,46,63,0,8,33,22,5,0,1,3,1
3/27/2021,583,36,90,231,226,108,2,12,53,41,56,0,8,28,20,6,0,1,4,1
3/28/2021,592,34,98,233,227,113,2,15,58,38,56,0,9,27,20,5,0,0,4,1
3/29/2021,598,37,97,240,224,119,1,16,62,40,56,0,8,28,20,5,0,0,4,1
3/30/2021,600,35,99,249,217,118,0,14,64,40,60,0,7,32,21,5,0,0,3,2
3/31/2021,606,36,99,254,217,114,0,15,65,34,66,0,9,38,19,6,0,1,3,2
4/1/2021,597,37,100,245,215,114,1,13,62,38,66,1,9,36,20,7,0,1,4,2
4/2/2021,603,36,95,248,224,121,2,12,66,41,66,1,8,37,20,6,0,1,4,1
4/3/2021,592,34,91,242,225,125,2,13,70,40,69,1,9,39,20,6,0,1,4,1
4/4/2021,593,36,92,243,222,133,2,12,70,49,69,1,9,37,22,7,0,2,4,1
4/5/2021,621,38,95,258,230,129,2,14,64,49,67,1,10,35,21,9,0,2,6,1
4/6/2021,637,41,92,266,238,125,3,15,59,48,61,0,10,32,19,9,0,2,7,0
4/7/2021,653,41,94,275,243,128,3,13,63,49,61,0,10,33,18,8,0,1,7,0
4/8/2021,649,39,95,272,243,127,1,14,67,45,61,0,10,33,18,8,0,2,6,0
4/9/2021,681,37,102,282,260,129,0,15,65,49,69,0,12,36,21,8,0,2,6,0
4/10/2021,671,33,101,286,251,140,0,16,76,48,70,0,12,38,20,8,0,2,6,0
4/11/2021,668,34,102,294,238,144,2,20,75,47,75,0,14,37,24,10,0,3,7,0
4/12/2021,692,34,108,307,243,147,2,19,76,50,80,0,16,40,24,10,0,3,7,0
4/13/2021,713,37,110,321,245,164,2,24,83,55,81,0,17,41,23,10,0,3,6,1
4/14/2021,734,36,115,334,249,166,2,27,79,58,80,0,17,38,25,8,0,3,4,1
4/15/2021,748,36,118,332,262,179,3,29,86,61,84,1,15,39,29,10,0,3,6,1
4/16/2021,750,39,126,328,257,185,5,30,92,58,87,1,17,41,28,10,0,3,6,1
4/17/2021,741,39,123,313,266,190,6,29,94,61,94,2,17,42,33,9,0,3,5,1
4/18/2021,743,41,122,318,262,185,5,26,90,64,100,2,16,49,33,9,0,2,5,2
4/19/2021,793,43,128,336,286,196,6,25,101,64,103,2,16,52,33,10,0,2,5,3
4/20/2021,815,40,129,352,294,196,6,21,105,64,104,2,15,50,37,9,0,2,4,3
4/21/2021,821,41,126,363,291,200,5,21,107,67,102,2,15,50,35,8,0,3,3,2
4/22/2021,834,41,121,369,303,205,4,27,108,66,109,2,17,52,38,9,0,3,3,3
4/23/2021,845,42,121,375,307,203,4,26,112,61,110,2,17,56,35,9,0,3,3,3
4/24/2021,832,36,123,372,301,214,3,27,116,68,112,2,19,57,34,8,0,2,3,3
4/25/2021,852,35,129,385,303,216,2,26,117,71,116,1,17,61,37,8,0,2,3,3
4/26/2021,889,39,130,404,316,228,4,30,122,72,113,2,17,61,33,9,0,3,4,2
4/27/2021,906,42,137,408,319,226,5,28,117,76,116,3,17,61,35,9,0,3,4,2
4/28/2021,910,44,136,408,322,221,5,30,112,74,117,3,18,62,34,9,0,3,4,2
4/29/2021,920,49,146,414,311,223,6,37,115,65,116,3,18,64,31,9,0,2,5,2
4/30/2021,928,49,151,421,307,240,7,34,127,72,127,4,21,71,31,9,0,2,5,2
5/1/2021,884,51,137,405,291,241,7,32,132,70,123,4,21,70,28,9,0,2,5,2
5/2/2021,895,49,142,410,294,231,9,25,130,67,121,5,19,68,29,10,0,2,6,2
5/3/2021,917,53,147,410,307,237,12,25,125,75,123,6,16,66,35,10,0,2,6,2
5/4/2021,916,47,146,414,309,240,9,30,122,79,123,4,17,65,37,10,0,2,6,2
5/5/2021,932,46,151,419,316,245,8,31,127,79,124,4,17,64,39,8,0,2,4,2
5/6/2021,941,50,150,428,313,238,6,28,127,77,129,4,17,66,42,8,0,1,5,2
5/7/2021,925,50,139,429,307,242,6,27,133,76,125,4,15,67,39,8,0,1,5,2
5/8/2021,905,48,134,411,312,240,6,26,132,76,122,4,13,68,37,8,0,1,5,2
5/9/2021,894,44,127,403,320,230,7,26,123,74,125,4,14,68,39,8,0,1,5,2
5/10/2021,906,42,127,405,332,226,6,26,119,75,119,4,12,64,39,9,0,1,6,2
5/11/2021,883,45,135,379,324,218,6,27,114,71,114,2,13,62,37,10,0,1,7,2
5/12/2021,874,44,134,381,315,211,4,23,112,72,116,1,12,67,36,11,0,1,8,2
5/13/2021,831,44,122,363,302,194,5,18,106,65,119,1,14,67,37,10,0,1,7,2
5/14/2021,818,40,119,359,300,197,4,21,106,66,117,1,16,64,36,9,0,1,6,2
5/15/2021,801,38,118,354,291,186,2,19,104,61,121,1,16,67,37,8,0,1,5,2
5/16/2021,792,38,121,351,282,197,3,25,109,60,122,1,15,71,35,8,0,1,4,3
5/17/2021,795,41,120,347,287,192,3,22,105,62,122,1,14,72,35,8,0,1,3,4
5/18/2021,792,38,119,345,290,190,2,18,105,65,118,1,13,66,38,9,0,2,3,4
5/19/2021,800,38,123,345,294,197,3,20,103,71,117,2,13,62,40,8,0,1,3,4
5/20/2021,793,38,121,345,289,195,4,22,98,71,123,3,14,65,41,10,0,1,6,3
5/21/2021,776,40,117,340,279,192,5,18,100,69,122,4,14,64,40,9,0,1,5,3
5/22/2021,777,36,116,338,287,196,5,20,100,71,126,4,17,66,39,8,0,1,5,2
5/23/2021,757,36,110,318,293,185,4,20,91,70,119,3,15,61,40,8,0,1,5,2
5/24/2021,769,36,107,317,309,185,4,19,93,69,112,3,15,56,38,8,0,1,5,2
5/25/2021,754,37,104,300,313,183,3,16,96,68,107,1,13,56,37,9,0,1,6,2
5/26/2021,746,36,107,304,299,159,3,13,85,58,95,1,8,49,37,11,0,1,6,4
5/27/2021,732,35,112,291,294,156,2,15,84,55,79,1,9,40,29,11,0,1,7,3
5/28/2021,711,33,110,292,276,159,0,17,87,55,82,0,8,42,32,10,0,1,6,3
5/29/2021,694,34,109,287,264,152,0,18,86,48,86,0,9,42,35,10,0,1,6,3
5/30/2021,686,35,103,283,265,147,1,16,82,48,88,0,8,45,35,12,0,1,7,4
5/31/2021,688,35,102,283,268,148,0,16,80,52,92,0,7,50,35,13,0,1,8,4
6/1/2021,682,37,100,278,267,143,1,13,79,50,88,0,6,48,34,11,0,1,7,3
6/2/2021,660,34,90,273,263,126,0,13,70,43,83,0,8,42,33,9,0,1,6,2
6/3/2021,650,33,88,264,265,124,0,11,65,48,78,0,8,40,30,8,0,0,6,2
6/4/2021,640,31,91,257,261,124,1,13,66,44,77,1,8,40,28,5,0,0,4,1
6/5/2021,604,30,83,247,244,117,1,11,64,41,74,1,8,40,25,5,0,0,4,1
6/6/2021,593,32,85,231,245,114,1,10,62,41,74,1,9,38,26,4,0,0,3,1
6/7/2021,594,34,81,230,249,116,2,10,62,42,71,1,10,37,23,3,0,0,2,1
6/8/2021,564,34,78,215,237,86,2,8,49,27,70,1,9,36,24,3,0,0,2,1
6/9/2021,548,30,81,208,229,89,1,11,45,32,45,0,9,22,14,2,0,0,1,1
6/10/2021,523,30,78,197,218,51,1,5,28,17,22,0,3,13,6,1,0,0,1,0
6/11/2021,519,29,78,195,217,39,1,3,21,14,7,0,1,2,4,0,0,0,0,0