measure_date,group,vacc,rate,is_projected
2020-12-14,0-19,jnj,0.0,
2020-12-14,0-19,mrna,0.0,
2020-12-14,20-39,jnj,0.0,
2020-12-14,20-39,mrna,372.0,
2020-12-14,40-64,jnj,2.0,
2020-12-14,40-64,mrna,340.0,
2020-12-14,65+,jnj,0.0,
2020-12-14,65+,mrna,14.0,
2020-12-15,0-19,jnj,0.0,
2020-12-15,0-19,mrna,2.0,
2020-12-15,20-39,jnj,0.0,
2020-12-15,20-39,mrna,115.0,
2020-12-15,40-64,jnj,1.0,
2020-12-15,40-64,mrna,157.0,
2020-12-15,65+,jnj,0.0,
2020-12-15,65+,mrna,26.0,
2020-12-16,0-19,jnj,0.0,
2020-12-16,0-19,mrna,11.0,
2020-12-16,20-39,jnj,0.0,
2020-12-16,20-39,mrna,1877.0,
2020-12-16,40-64,jnj,0.0,
2020-12-16,40-64,mrna,2230.0,
2020-12-16,65+,jnj,1.0,
2020-12-16,65+,mrna,188.0,
2020-12-17,0-19,jnj,0.0,
2020-12-17,0-19,mrna,18.0,
2020-12-17,20-39,jnj,1.0,
2020-12-17,20-39,mrna,5782.0,
2020-12-17,40-64,jnj,0.0,
2020-12-17,40-64,mrna,6101.0,
2020-12-17,65+,jnj,0.0,
2020-12-17,65+,mrna,502.0,
2020-12-18,0-19,jnj,0.0,
2020-12-18,0-19,mrna,21.0,
2020-12-18,20-39,jnj,0.0,
2020-12-18,20-39,mrna,5760.0,
2020-12-18,40-64,jnj,0.0,
2020-12-18,40-64,mrna,6150.0,
2020-12-18,65+,jnj,0.0,
2020-12-18,65+,mrna,583.0,
2020-12-19,0-19,jnj,0.0,
2020-12-19,0-19,mrna,11.0,
2020-12-19,20-39,jnj,0.0,
2020-12-19,20-39,mrna,2728.0,
2020-12-19,40-64,jnj,0.0,
2020-12-19,40-64,mrna,2563.0,
2020-12-19,65+,jnj,0.0,
2020-12-19,65+,mrna,255.0,
2020-12-20,0-19,jnj,0.0,
2020-12-20,0-19,mrna,3.0,
2020-12-20,20-39,jnj,0.0,
2020-12-20,20-39,mrna,1496.0,
2020-12-20,40-64,jnj,0.0,
2020-12-20,40-64,mrna,1304.0,
2020-12-20,65+,jnj,0.0,
2020-12-20,65+,mrna,126.0,
2020-12-21,0-19,jnj,0.0,
2020-12-21,0-19,mrna,15.0,
2020-12-21,20-39,jnj,1.0,
2020-12-21,20-39,mrna,3278.0,
2020-12-21,40-64,jnj,0.0,
2020-12-21,40-64,mrna,2977.0,
2020-12-21,65+,jnj,0.0,
2020-12-21,65+,mrna,323.0,
2020-12-22,0-19,jnj,0.0,
2020-12-22,0-19,mrna,26.0,
2020-12-22,20-39,jnj,0.0,
2020-12-22,20-39,mrna,3488.0,
2020-12-22,40-64,jnj,0.0,
2020-12-22,40-64,mrna,3828.0,
2020-12-22,65+,jnj,0.0,
2020-12-22,65+,mrna,509.0,
2020-12-23,0-19,jnj,0.0,
2020-12-23,0-19,mrna,56.0,
2020-12-23,20-39,jnj,0.0,
2020-12-23,20-39,mrna,5999.0,
2020-12-23,40-64,jnj,0.0,
2020-12-23,40-64,mrna,7362.0,
2020-12-23,65+,jnj,0.0,
2020-12-23,65+,mrna,1190.0,
2020-12-24,0-19,jnj,0.0,
2020-12-24,0-19,mrna,14.0,
2020-12-24,20-39,jnj,0.0,
2020-12-24,20-39,mrna,1515.0,
2020-12-24,40-64,jnj,0.0,
2020-12-24,40-64,mrna,2236.0,
2020-12-24,65+,jnj,0.0,
2020-12-24,65+,mrna,414.0,
2020-12-25,0-19,jnj,0.0,
2020-12-25,0-19,mrna,0.0,
2020-12-25,20-39,jnj,0.0,
2020-12-25,20-39,mrna,5.0,
2020-12-25,40-64,jnj,0.0,
2020-12-25,40-64,mrna,10.0,
2020-12-25,65+,jnj,0.0,
2020-12-25,65+,mrna,3.0,
2020-12-26,0-19,jnj,0.0,
2020-12-26,0-19,mrna,6.0,
2020-12-26,20-39,jnj,0.0,
2020-12-26,20-39,mrna,996.0,
2020-12-26,40-64,jnj,0.0,
2020-12-26,40-64,mrna,1341.0,
2020-12-26,65+,jnj,0.0,
2020-12-26,65+,mrna,245.0,
2020-12-27,0-19,jnj,0.0,
2020-12-27,0-19,mrna,9.0,
2020-12-27,20-39,jnj,0.0,
2020-12-27,20-39,mrna,630.0,
2020-12-27,40-64,jnj,0.0,
2020-12-27,40-64,mrna,635.0,
2020-12-27,65+,jnj,0.0,
2020-12-27,65+,mrna,778.0,
2020-12-28,0-19,jnj,0.0,
2020-12-28,0-19,mrna,56.0,
2020-12-28,20-39,jnj,0.0,
2020-12-28,20-39,mrna,3528.0,
2020-12-28,40-64,jnj,0.0,
2020-12-28,40-64,mrna,4558.0,
2020-12-28,65+,jnj,0.0,
2020-12-28,65+,mrna,2952.0,
2020-12-29,0-19,jnj,0.0,
2020-12-29,0-19,mrna,60.0,
2020-12-29,20-39,jnj,0.0,
2020-12-29,20-39,mrna,2804.0,
2020-12-29,40-64,jnj,0.0,
2020-12-29,40-64,mrna,3795.0,
2020-12-29,65+,jnj,0.0,
2020-12-29,65+,mrna,2701.0,
2020-12-30,0-19,jnj,0.0,
2020-12-30,0-19,mrna,83.0,
2020-12-30,20-39,jnj,0.0,
2020-12-30,20-39,mrna,5205.0,
2020-12-30,40-64,jnj,0.0,
2020-12-30,40-64,mrna,6705.0,
2020-12-30,65+,jnj,0.0,
2020-12-30,65+,mrna,3610.0,
2020-12-31,0-19,jnj,0.0,
2020-12-31,0-19,mrna,56.0,
2020-12-31,20-39,jnj,0.0,
2020-12-31,20-39,mrna,3180.0,
2020-12-31,40-64,jnj,1.0,
2020-12-31,40-64,mrna,3818.0,
2020-12-31,65+,jnj,3.0,
2020-12-31,65+,mrna,3062.0,
2021-01-01,0-19,jnj,1.0,
2021-01-01,0-19,mrna,2.0,
2021-01-01,20-39,jnj,0.0,
2021-01-01,20-39,mrna,374.0,
2021-01-01,40-64,jnj,0.0,
2021-01-01,40-64,mrna,419.0,
2021-01-01,65+,jnj,0.0,
2021-01-01,65+,mrna,186.0,
2021-01-02,0-19,jnj,0.0,
2021-01-02,0-19,mrna,41.0,
2021-01-02,20-39,jnj,0.0,
2021-01-02,20-39,mrna,1862.0,
2021-01-02,40-64,jnj,1.0,
2021-01-02,40-64,mrna,2358.0,
2021-01-02,65+,jnj,0.0,
2021-01-02,65+,mrna,1812.0,
2021-01-03,0-19,jnj,0.0,
2021-01-03,0-19,mrna,9.0,
2021-01-03,20-39,jnj,2.0,
2021-01-03,20-39,mrna,454.0,
2021-01-03,40-64,jnj,0.0,
2021-01-03,40-64,mrna,508.0,
2021-01-03,65+,jnj,0.0,
2021-01-03,65+,mrna,1145.0,
2021-01-04,0-19,jnj,0.0,
2021-01-04,0-19,mrna,48.0,
2021-01-04,20-39,jnj,0.0,
2021-01-04,20-39,mrna,2617.0,
2021-01-04,40-64,jnj,0.0,
2021-01-04,40-64,mrna,3549.0,
2021-01-04,65+,jnj,1.0,
2021-01-04,65+,mrna,4059.0,
2021-01-05,0-19,jnj,0.0,
2021-01-05,0-19,mrna,64.0,
2021-01-05,20-39,jnj,0.0,
2021-01-05,20-39,mrna,2601.0,
2021-01-05,40-64,jnj,2.0,
2021-01-05,40-64,mrna,3741.0,
2021-01-05,65+,jnj,0.0,
2021-01-05,65+,mrna,4580.0,
2021-01-06,0-19,jnj,0.0,
2021-01-06,0-19,mrna,77.0,
2021-01-06,20-39,jnj,0.0,
2021-01-06,20-39,mrna,3831.0,
2021-01-06,40-64,jnj,0.0,
2021-01-06,40-64,mrna,5641.0,
2021-01-06,65+,jnj,1.0,
2021-01-06,65+,mrna,6107.0,
2021-01-07,0-19,jnj,0.0,
2021-01-07,0-19,mrna,104.0,
2021-01-07,20-39,jnj,0.0,
2021-01-07,20-39,mrna,3596.0,
2021-01-07,40-64,jnj,1.0,
2021-01-07,40-64,mrna,4879.0,
2021-01-07,65+,jnj,0.0,
2021-01-07,65+,mrna,7121.0,
2021-01-08,0-19,jnj,0.0,
2021-01-08,0-19,mrna,77.0,
2021-01-08,20-39,jnj,2.0,
2021-01-08,20-39,mrna,3915.0,
2021-01-08,40-64,jnj,0.0,
2021-01-08,40-64,mrna,4984.0,
2021-01-08,65+,jnj,0.0,
2021-01-08,65+,mrna,9694.0,
2021-01-09,0-19,jnj,0.0,
2021-01-09,0-19,mrna,39.0,
2021-01-09,20-39,jnj,0.0,
2021-01-09,20-39,mrna,1524.0,
2021-01-09,40-64,jnj,1.0,
2021-01-09,40-64,mrna,1865.0,
2021-01-09,65+,jnj,1.0,
2021-01-09,65+,mrna,5951.0,
2021-01-10,0-19,jnj,0.0,
2021-01-10,0-19,mrna,19.0,
2021-01-10,20-39,jnj,1.0,
2021-01-10,20-39,mrna,576.0,
2021-01-10,40-64,jnj,0.0,
2021-01-10,40-64,mrna,671.0,
2021-01-10,65+,jnj,0.0,
2021-01-10,65+,mrna,1498.0,
2021-01-11,0-19,jnj,0.0,
2021-01-11,0-19,mrna,69.0,
2021-01-11,20-39,jnj,1.0,
2021-01-11,20-39,mrna,2125.0,
2021-01-11,40-64,jnj,1.0,
2021-01-11,40-64,mrna,2968.0,
2021-01-11,65+,jnj,1.0,
2021-01-11,65+,mrna,10215.0,
2021-01-12,0-19,jnj,0.0,
2021-01-12,0-19,mrna,75.0,
2021-01-12,20-39,jnj,0.0,
2021-01-12,20-39,mrna,2690.0,
2021-01-12,40-64,jnj,2.0,
2021-01-12,40-64,mrna,3562.0,
2021-01-12,65+,jnj,0.0,
2021-01-12,65+,mrna,8979.0,
2021-01-13,0-19,jnj,0.0,
2021-01-13,0-19,mrna,94.0,
2021-01-13,20-39,jnj,1.0,
2021-01-13,20-39,mrna,2982.0,
2021-01-13,40-64,jnj,2.0,
2021-01-13,40-64,mrna,3852.0,
2021-01-13,65+,jnj,2.0,
2021-01-13,65+,mrna,11554.0,
2021-01-14,0-19,jnj,0.0,
2021-01-14,0-19,mrna,127.0,
2021-01-14,20-39,jnj,0.0,
2021-01-14,20-39,mrna,3106.0,
2021-01-14,40-64,jnj,0.0,
2021-01-14,40-64,mrna,3889.0,
2021-01-14,65+,jnj,0.0,
2021-01-14,65+,mrna,12448.0,
2021-01-15,0-19,jnj,0.0,
2021-01-15,0-19,mrna,92.0,
2021-01-15,20-39,jnj,1.0,
2021-01-15,20-39,mrna,3323.0,
2021-01-15,40-64,jnj,3.0,
2021-01-15,40-64,mrna,4200.0,
2021-01-15,65+,jnj,1.0,
2021-01-15,65+,mrna,11524.0,
2021-01-16,0-19,jnj,0.0,
2021-01-16,0-19,mrna,54.0,
2021-01-16,20-39,jnj,1.0,
2021-01-16,20-39,mrna,2008.0,
2021-01-16,40-64,jnj,0.0,
2021-01-16,40-64,mrna,2022.0,
2021-01-16,65+,jnj,0.0,
2021-01-16,65+,mrna,7131.0,
2021-01-17,0-19,jnj,0.0,
2021-01-17,0-19,mrna,16.0,
2021-01-17,20-39,jnj,1.0,
2021-01-17,20-39,mrna,725.0,
2021-01-17,40-64,jnj,0.0,
2021-01-17,40-64,mrna,609.0,
2021-01-17,65+,jnj,0.0,
2021-01-17,65+,mrna,2381.0,
2021-01-18,0-19,jnj,0.0,
2021-01-18,0-19,mrna,54.0,
2021-01-18,20-39,jnj,1.0,
2021-01-18,20-39,mrna,1513.0,
2021-01-18,40-64,jnj,0.0,
2021-01-18,40-64,mrna,1962.0,
2021-01-18,65+,jnj,1.0,
2021-01-18,65+,mrna,7768.0,
2021-01-19,0-19,jnj,0.0,
2021-01-19,0-19,mrna,59.0,
2021-01-19,20-39,jnj,0.0,
2021-01-19,20-39,mrna,1694.0,
2021-01-19,40-64,jnj,2.0,
2021-01-19,40-64,mrna,2157.0,
2021-01-19,65+,jnj,0.0,
2021-01-19,65+,mrna,6625.0,
2021-01-20,0-19,jnj,0.0,
2021-01-20,0-19,mrna,102.0,
2021-01-20,20-39,jnj,0.0,
2021-01-20,20-39,mrna,2542.0,
2021-01-20,40-64,jnj,1.0,
2021-01-20,40-64,mrna,3279.0,
2021-01-20,65+,jnj,0.0,
2021-01-20,65+,mrna,10454.0,
2021-01-21,0-19,jnj,0.0,
2021-01-21,0-19,mrna,90.0,
2021-01-21,20-39,jnj,0.0,
2021-01-21,20-39,mrna,2323.0,
2021-01-21,40-64,jnj,2.0,
2021-01-21,40-64,mrna,2996.0,
2021-01-21,65+,jnj,1.0,
2021-01-21,65+,mrna,16856.0,
2021-01-22,0-19,jnj,0.0,
2021-01-22,0-19,mrna,81.0,
2021-01-22,20-39,jnj,0.0,
2021-01-22,20-39,mrna,2268.0,
2021-01-22,40-64,jnj,0.0,
2021-01-22,40-64,mrna,2919.0,
2021-01-22,65+,jnj,0.0,
2021-01-22,65+,mrna,17524.0,
2021-01-23,0-19,jnj,0.0,
2021-01-23,0-19,mrna,47.0,
2021-01-23,20-39,jnj,0.0,
2021-01-23,20-39,mrna,1045.0,
2021-01-23,40-64,jnj,0.0,
2021-01-23,40-64,mrna,1526.0,
2021-01-23,65+,jnj,0.0,
2021-01-23,65+,mrna,9105.0,
2021-01-24,0-19,jnj,0.0,
2021-01-24,0-19,mrna,27.0,
2021-01-24,20-39,jnj,1.0,
2021-01-24,20-39,mrna,307.0,
2021-01-24,40-64,jnj,0.0,
2021-01-24,40-64,mrna,396.0,
2021-01-24,65+,jnj,0.0,
2021-01-24,65+,mrna,3315.0,
2021-01-25,0-19,jnj,0.0,
2021-01-25,0-19,mrna,51.0,
2021-01-25,20-39,jnj,0.0,
2021-01-25,20-39,mrna,1657.0,
2021-01-25,40-64,jnj,1.0,
2021-01-25,40-64,mrna,2162.0,
2021-01-25,65+,jnj,1.0,
2021-01-25,65+,mrna,8753.0,
2021-01-26,0-19,jnj,0.0,
2021-01-26,0-19,mrna,58.0,
2021-01-26,20-39,jnj,0.0,
2021-01-26,20-39,mrna,1407.0,
2021-01-26,40-64,jnj,0.0,
2021-01-26,40-64,mrna,1994.0,
2021-01-26,65+,jnj,0.0,
2021-01-26,65+,mrna,8079.0,
2021-01-27,0-19,jnj,0.0,
2021-01-27,0-19,mrna,86.0,
2021-01-27,20-39,jnj,0.0,
2021-01-27,20-39,mrna,2270.0,
2021-01-27,40-64,jnj,0.0,
2021-01-27,40-64,mrna,3091.0,
2021-01-27,65+,jnj,0.0,
2021-01-27,65+,mrna,10386.0,
2021-01-28,0-19,jnj,0.0,
2021-01-28,0-19,mrna,53.0,
2021-01-28,20-39,jnj,0.0,
2021-01-28,20-39,mrna,1830.0,
2021-01-28,40-64,jnj,1.0,
2021-01-28,40-64,mrna,2343.0,
2021-01-28,65+,jnj,1.0,
2021-01-28,65+,mrna,9632.0,
2021-01-29,0-19,jnj,0.0,
2021-01-29,0-19,mrna,78.0,
2021-01-29,20-39,jnj,0.0,
2021-01-29,20-39,mrna,2246.0,
2021-01-29,40-64,jnj,0.0,
2021-01-29,40-64,mrna,2988.0,
2021-01-29,65+,jnj,0.0,
2021-01-29,65+,mrna,13010.0,
2021-01-30,0-19,jnj,0.0,
2021-01-30,0-19,mrna,50.0,
2021-01-30,20-39,jnj,0.0,
2021-01-30,20-39,mrna,1134.0,
2021-01-30,40-64,jnj,0.0,
2021-01-30,40-64,mrna,1603.0,
2021-01-30,65+,jnj,1.0,
2021-01-30,65+,mrna,12414.0,
2021-01-31,0-19,jnj,0.0,
2021-01-31,0-19,mrna,13.0,
2021-01-31,20-39,jnj,0.0,
2021-01-31,20-39,mrna,201.0,
2021-01-31,40-64,jnj,0.0,
2021-01-31,40-64,mrna,355.0,
2021-01-31,65+,jnj,0.0,
2021-01-31,65+,mrna,7855.0,
2021-02-01,0-19,jnj,3.0,
2021-02-01,0-19,mrna,58.0,
2021-02-01,20-39,jnj,7.0,
2021-02-01,20-39,mrna,1438.0,
2021-02-01,40-64,jnj,16.0,
2021-02-01,40-64,mrna,2111.0,
2021-02-01,65+,jnj,10.0,
2021-02-01,65+,mrna,8640.0,
2021-02-02,0-19,jnj,0.0,
2021-02-02,0-19,mrna,45.0,
2021-02-02,20-39,jnj,1.0,
2021-02-02,20-39,mrna,1729.0,
2021-02-02,40-64,jnj,4.0,
2021-02-02,40-64,mrna,2345.0,
2021-02-02,65+,jnj,3.0,
2021-02-02,65+,mrna,7319.0,
2021-02-03,0-19,jnj,0.0,
2021-02-03,0-19,mrna,81.0,
2021-02-03,20-39,jnj,0.0,
2021-02-03,20-39,mrna,1918.0,
2021-02-03,40-64,jnj,1.0,
2021-02-03,40-64,mrna,2622.0,
2021-02-03,65+,jnj,1.0,
2021-02-03,65+,mrna,8100.0,
2021-02-04,0-19,jnj,1.0,
2021-02-04,0-19,mrna,79.0,
2021-02-04,20-39,jnj,0.0,
2021-02-04,20-39,mrna,1935.0,
2021-02-04,40-64,jnj,0.0,
2021-02-04,40-64,mrna,2675.0,
2021-02-04,65+,jnj,0.0,
2021-02-04,65+,mrna,12824.0,
2021-02-05,0-19,jnj,0.0,
2021-02-05,0-19,mrna,71.0,
2021-02-05,20-39,jnj,0.0,
2021-02-05,20-39,mrna,1875.0,
2021-02-05,40-64,jnj,2.0,
2021-02-05,40-64,mrna,2869.0,
2021-02-05,65+,jnj,2.0,
2021-02-05,65+,mrna,12959.0,
2021-02-06,0-19,jnj,0.0,
2021-02-06,0-19,mrna,48.0,
2021-02-06,20-39,jnj,0.0,
2021-02-06,20-39,mrna,2375.0,
2021-02-06,40-64,jnj,1.0,
2021-02-06,40-64,mrna,2978.0,
2021-02-06,65+,jnj,0.0,
2021-02-06,65+,mrna,12208.0,
2021-02-07,0-19,jnj,0.0,
2021-02-07,0-19,mrna,15.0,
2021-02-07,20-39,jnj,1.0,
2021-02-07,20-39,mrna,213.0,
2021-02-07,40-64,jnj,1.0,
2021-02-07,40-64,mrna,368.0,
2021-02-07,65+,jnj,0.0,
2021-02-07,65+,mrna,1560.0,
2021-02-08,0-19,jnj,0.0,
2021-02-08,0-19,mrna,48.0,
2021-02-08,20-39,jnj,0.0,
2021-02-08,20-39,mrna,2340.0,
2021-02-08,40-64,jnj,5.0,
2021-02-08,40-64,mrna,3431.0,
2021-02-08,65+,jnj,1.0,
2021-02-08,65+,mrna,12683.0,
2021-02-09,0-19,jnj,0.0,
2021-02-09,0-19,mrna,68.0,
2021-02-09,20-39,jnj,1.0,
2021-02-09,20-39,mrna,1986.0,
2021-02-09,40-64,jnj,3.0,
2021-02-09,40-64,mrna,2820.0,
2021-02-09,65+,jnj,3.0,
2021-02-09,65+,mrna,11360.0,
2021-02-10,0-19,jnj,0.0,
2021-02-10,0-19,mrna,115.0,
2021-02-10,20-39,jnj,0.0,
2021-02-10,20-39,mrna,2556.0,
2021-02-10,40-64,jnj,3.0,
2021-02-10,40-64,mrna,4246.0,
2021-02-10,65+,jnj,2.0,
2021-02-10,65+,mrna,10970.0,
2021-02-11,0-19,jnj,0.0,
2021-02-11,0-19,mrna,142.0,
2021-02-11,20-39,jnj,0.0,
2021-02-11,20-39,mrna,3959.0,
2021-02-11,40-64,jnj,4.0,
2021-02-11,40-64,mrna,6164.0,
2021-02-11,65+,jnj,2.0,
2021-02-11,65+,mrna,15720.0,
2021-02-12,0-19,jnj,0.0,
2021-02-12,0-19,mrna,91.0,
2021-02-12,20-39,jnj,0.0,
2021-02-12,20-39,mrna,4438.0,
2021-02-12,40-64,jnj,2.0,
2021-02-12,40-64,mrna,7260.0,
2021-02-12,65+,jnj,0.0,
2021-02-12,65+,mrna,14553.0,
2021-02-13,0-19,jnj,0.0,
2021-02-13,0-19,mrna,128.0,
2021-02-13,20-39,jnj,1.0,
2021-02-13,20-39,mrna,8142.0,
2021-02-13,40-64,jnj,2.0,
2021-02-13,40-64,mrna,14942.0,
2021-02-13,65+,jnj,0.0,
2021-02-13,65+,mrna,15472.0,
2021-02-14,0-19,jnj,0.0,
2021-02-14,0-19,mrna,116.0,
2021-02-14,20-39,jnj,0.0,
2021-02-14,20-39,mrna,4206.0,
2021-02-14,40-64,jnj,0.0,
2021-02-14,40-64,mrna,6567.0,
2021-02-14,65+,jnj,1.0,
2021-02-14,65+,mrna,7447.0,
2021-02-15,0-19,jnj,0.0,
2021-02-15,0-19,mrna,89.0,
2021-02-15,20-39,jnj,0.0,
2021-02-15,20-39,mrna,3630.0,
2021-02-15,40-64,jnj,4.0,
2021-02-15,40-64,mrna,6467.0,
2021-02-15,65+,jnj,1.0,
2021-02-15,65+,mrna,15366.0,
2021-02-16,0-19,jnj,0.0,
2021-02-16,0-19,mrna,71.0,
2021-02-16,20-39,jnj,0.0,
2021-02-16,20-39,mrna,2460.0,
2021-02-16,40-64,jnj,0.0,
2021-02-16,40-64,mrna,4154.0,
2021-02-16,65+,jnj,0.0,
2021-02-16,65+,mrna,9617.0,
2021-02-17,0-19,jnj,0.0,
2021-02-17,0-19,mrna,75.0,
2021-02-17,20-39,jnj,0.0,
2021-02-17,20-39,mrna,3465.0,
2021-02-17,40-64,jnj,2.0,
2021-02-17,40-64,mrna,4913.0,
2021-02-17,65+,jnj,0.0,
2021-02-17,65+,mrna,10493.0,
2021-02-18,0-19,jnj,0.0,
2021-02-18,0-19,mrna,93.0,
2021-02-18,20-39,jnj,0.0,
2021-02-18,20-39,mrna,2992.0,
2021-02-18,40-64,jnj,3.0,
2021-02-18,40-64,mrna,4723.0,
2021-02-18,65+,jnj,0.0,
2021-02-18,65+,mrna,11002.0,
2021-02-19,0-19,jnj,0.0,
2021-02-19,0-19,mrna,93.0,
2021-02-19,20-39,jnj,0.0,
2021-02-19,20-39,mrna,2355.0,
2021-02-19,40-64,jnj,1.0,
2021-02-19,40-64,mrna,3775.0,
2021-02-19,65+,jnj,0.0,
2021-02-19,65+,mrna,10586.0,
2021-02-20,0-19,jnj,0.0,
2021-02-20,0-19,mrna,81.0,
2021-02-20,20-39,jnj,0.0,
2021-02-20,20-39,mrna,3813.0,
2021-02-20,40-64,jnj,1.0,
2021-02-20,40-64,mrna,6256.0,
2021-02-20,65+,jnj,0.0,
2021-02-20,65+,mrna,7619.0,
2021-02-21,0-19,jnj,0.0,
2021-02-21,0-19,mrna,23.0,
2021-02-21,20-39,jnj,0.0,
2021-02-21,20-39,mrna,612.0,
2021-02-21,40-64,jnj,0.0,
2021-02-21,40-64,mrna,921.0,
2021-02-21,65+,jnj,0.0,
2021-02-21,65+,mrna,2377.0,
2021-02-22,0-19,jnj,0.0,
2021-02-22,0-19,mrna,56.0,
2021-02-22,20-39,jnj,0.0,
2021-02-22,20-39,mrna,1887.0,
2021-02-22,40-64,jnj,2.0,
2021-02-22,40-64,mrna,2813.0,
2021-02-22,65+,jnj,1.0,
2021-02-22,65+,mrna,9115.0,
2021-02-23,0-19,jnj,0.0,
2021-02-23,0-19,mrna,55.0,
2021-02-23,20-39,jnj,0.0,
2021-02-23,20-39,mrna,1135.0,
2021-02-23,40-64,jnj,0.0,
2021-02-23,40-64,mrna,2044.0,
2021-02-23,65+,jnj,0.0,
2021-02-23,65+,mrna,7180.0,
2021-02-24,0-19,jnj,0.0,
2021-02-24,0-19,mrna,98.0,
2021-02-24,20-39,jnj,0.0,
2021-02-24,20-39,mrna,2557.0,
2021-02-24,40-64,jnj,0.0,
2021-02-24,40-64,mrna,4423.0,
2021-02-24,65+,jnj,0.0,
2021-02-24,65+,mrna,10029.0,
2021-02-25,0-19,jnj,0.0,
2021-02-25,0-19,mrna,118.0,
2021-02-25,20-39,jnj,0.0,
2021-02-25,20-39,mrna,3292.0,
2021-02-25,40-64,jnj,1.0,
2021-02-25,40-64,mrna,5194.0,
2021-02-25,65+,jnj,1.0,
2021-02-25,65+,mrna,12639.0,
2021-02-26,0-19,jnj,0.0,
2021-02-26,0-19,mrna,133.0,
2021-02-26,20-39,jnj,2.0,
2021-02-26,20-39,mrna,3590.0,
2021-02-26,40-64,jnj,3.0,
2021-02-26,40-64,mrna,5536.0,
2021-02-26,65+,jnj,4.0,
2021-02-26,65+,mrna,13137.0,
2021-02-27,0-19,jnj,0.0,
2021-02-27,0-19,mrna,145.0,
2021-02-27,20-39,jnj,1.0,
2021-02-27,20-39,mrna,3672.0,
2021-02-27,40-64,jnj,1.0,
2021-02-27,40-64,mrna,6075.0,
2021-02-27,65+,jnj,0.0,
2021-02-27,65+,mrna,14383.0,
2021-02-28,0-19,jnj,0.0,
2021-02-28,0-19,mrna,74.0,
2021-02-28,20-39,jnj,0.0,
2021-02-28,20-39,mrna,1273.0,
2021-02-28,40-64,jnj,1.0,
2021-02-28,40-64,mrna,2287.0,
2021-02-28,65+,jnj,1.0,
2021-02-28,65+,mrna,3706.0,
2021-03-01,0-19,jnj,2.0,
2021-03-01,0-19,mrna,119.0,
2021-03-01,20-39,jnj,28.0,
2021-03-01,20-39,mrna,2895.0,
2021-03-01,40-64,jnj,53.0,
2021-03-01,40-64,mrna,6201.0,
2021-03-01,65+,jnj,15.0,
2021-03-01,65+,mrna,13174.0,
2021-03-02,0-19,jnj,1.0,
2021-03-02,0-19,mrna,113.0,
2021-03-02,20-39,jnj,3.0,
2021-03-02,20-39,mrna,2507.0,
2021-03-02,40-64,jnj,3.0,
2021-03-02,40-64,mrna,4868.0,
2021-03-02,65+,jnj,1.0,
2021-03-02,65+,mrna,10647.0,
2021-03-03,0-19,jnj,5.0,
2021-03-03,0-19,mrna,166.0,
2021-03-03,20-39,jnj,105.0,
2021-03-03,20-39,mrna,3585.0,
2021-03-03,40-64,jnj,178.0,
2021-03-03,40-64,mrna,6414.0,
2021-03-03,65+,jnj,8.0,
2021-03-03,65+,mrna,8962.0,
2021-03-04,0-19,jnj,3.0,
2021-03-04,0-19,mrna,178.0,
2021-03-04,20-39,jnj,192.0,
2021-03-04,20-39,mrna,3614.0,
2021-03-04,40-64,jnj,311.0,
2021-03-04,40-64,mrna,7204.0,
2021-03-04,65+,jnj,400.0,
2021-03-04,65+,mrna,11249.0,
2021-03-05,0-19,jnj,69.0,
2021-03-05,0-19,mrna,279.0,
2021-03-05,20-39,jnj,1436.0,
2021-03-05,20-39,mrna,5338.0,
2021-03-05,40-64,jnj,6165.0,
2021-03-05,40-64,mrna,15691.0,
2021-03-05,65+,jnj,1138.0,
2021-03-05,65+,mrna,9394.0,
2021-03-06,0-19,jnj,107.0,
2021-03-06,0-19,mrna,167.0,
2021-03-06,20-39,jnj,2157.0,
2021-03-06,20-39,mrna,3399.0,
2021-03-06,40-64,jnj,8133.0,
2021-03-06,40-64,mrna,9217.0,
2021-03-06,65+,jnj,2486.0,
2021-03-06,65+,mrna,4282.0,
2021-03-07,0-19,jnj,44.0,
2021-03-07,0-19,mrna,125.0,
2021-03-07,20-39,jnj,1045.0,
2021-03-07,20-39,mrna,1592.0,
2021-03-07,40-64,jnj,3723.0,
2021-03-07,40-64,mrna,4481.0,
2021-03-07,65+,jnj,536.0,
2021-03-07,65+,mrna,2384.0,
2021-03-08,0-19,jnj,53.0,
2021-03-08,0-19,mrna,406.0,
2021-03-08,20-39,jnj,851.0,
2021-03-08,20-39,mrna,4225.0,
2021-03-08,40-64,jnj,2244.0,
2021-03-08,40-64,mrna,14097.0,
2021-03-08,65+,jnj,711.0,
2021-03-08,65+,mrna,5197.0,
2021-03-09,0-19,jnj,53.0,
2021-03-09,0-19,mrna,520.0,
2021-03-09,20-39,jnj,717.0,
2021-03-09,20-39,mrna,4566.0,
2021-03-09,40-64,jnj,2274.0,
2021-03-09,40-64,mrna,14385.0,
2021-03-09,65+,jnj,558.0,
2021-03-09,65+,mrna,4959.0,
2021-03-10,0-19,jnj,42.0,
2021-03-10,0-19,mrna,387.0,
2021-03-10,20-39,jnj,824.0,
2021-03-10,20-39,mrna,4836.0,
2021-03-10,40-64,jnj,2419.0,
2021-03-10,40-64,mrna,14109.0,
2021-03-10,65+,jnj,445.0,
2021-03-10,65+,mrna,3116.0,
2021-03-11,0-19,jnj,33.0,
2021-03-11,0-19,mrna,398.0,
2021-03-11,20-39,jnj,545.0,
2021-03-11,20-39,mrna,6158.0,
2021-03-11,40-64,jnj,2100.0,
2021-03-11,40-64,mrna,19126.0,
2021-03-11,65+,jnj,528.0,
2021-03-11,65+,mrna,4087.0,
2021-03-12,0-19,jnj,27.0,
2021-03-12,0-19,mrna,677.0,
2021-03-12,20-39,jnj,428.0,
2021-03-12,20-39,mrna,6543.0,
2021-03-12,40-64,jnj,1101.0,
2021-03-12,40-64,mrna,19519.0,
2021-03-12,65+,jnj,266.0,
2021-03-12,65+,mrna,3369.0,
2021-03-13,0-19,jnj,16.0,
2021-03-13,0-19,mrna,136.0,
2021-03-13,20-39,jnj,130.0,
2021-03-13,20-39,mrna,1448.0,
2021-03-13,40-64,jnj,310.0,
2021-03-13,40-64,mrna,2761.0,
2021-03-13,65+,jnj,67.0,
2021-03-13,65+,mrna,372.0,
2021-03-14,0-19,jnj,6.0,
2021-03-14,0-19,mrna,32.0,
2021-03-14,20-39,jnj,25.0,
2021-03-14,20-39,mrna,381.0,
2021-03-14,40-64,jnj,55.0,
2021-03-14,40-64,mrna,826.0,
2021-03-14,65+,jnj,17.0,
2021-03-14,65+,mrna,110.0,
2021-03-15,0-19,jnj,18.0,
2021-03-15,0-19,mrna,241.0,
2021-03-15,20-39,jnj,324.0,
2021-03-15,20-39,mrna,3093.0,
2021-03-15,40-64,jnj,720.0,
2021-03-15,40-64,mrna,7094.0,
2021-03-15,65+,jnj,179.0,
2021-03-15,65+,mrna,1488.0,
2021-03-16,0-19,jnj,9.0,
2021-03-16,0-19,mrna,420.0,
2021-03-16,20-39,jnj,297.0,
2021-03-16,20-39,mrna,5243.0,
2021-03-16,40-64,jnj,829.0,
2021-03-16,40-64,mrna,14996.0,
2021-03-16,65+,jnj,213.0,
2021-03-16,65+,mrna,2742.0,
2021-03-17,0-19,jnj,26.0,
2021-03-17,0-19,mrna,538.0,
2021-03-17,20-39,jnj,319.0,
2021-03-17,20-39,mrna,6293.0,
2021-03-17,40-64,jnj,757.0,
2021-03-17,40-64,mrna,14597.0,
2021-03-17,65+,jnj,197.0,
2021-03-17,65+,mrna,3161.0,
2021-03-18,0-19,jnj,12.0,
2021-03-18,0-19,mrna,700.0,
2021-03-18,20-39,jnj,294.0,
2021-03-18,20-39,mrna,8154.0,
2021-03-18,40-64,jnj,761.0,
2021-03-18,40-64,mrna,19629.0,
2021-03-18,65+,jnj,149.0,
2021-03-18,65+,mrna,3899.0,
2021-03-19,0-19,jnj,26.0,
2021-03-19,0-19,mrna,753.0,
2021-03-19,20-39,jnj,477.0,
2021-03-19,20-39,mrna,10807.0,
2021-03-19,40-64,jnj,843.0,
2021-03-19,40-64,mrna,22239.0,
2021-03-19,65+,jnj,140.0,
2021-03-19,65+,mrna,2834.0,
2021-03-20,0-19,jnj,30.0,
2021-03-20,0-19,mrna,755.0,
2021-03-20,20-39,jnj,395.0,
2021-03-20,20-39,mrna,8142.0,
2021-03-20,40-64,jnj,921.0,
2021-03-20,40-64,mrna,19028.0,
2021-03-20,65+,jnj,175.0,
2021-03-20,65+,mrna,2797.0,
2021-03-21,0-19,jnj,5.0,
2021-03-21,0-19,mrna,303.0,
2021-03-21,20-39,jnj,58.0,
2021-03-21,20-39,mrna,4534.0,
2021-03-21,40-64,jnj,97.0,
2021-03-21,40-64,mrna,7938.0,
2021-03-21,65+,jnj,15.0,
2021-03-21,65+,mrna,802.0,
2021-03-22,0-19,jnj,5.0,
2021-03-22,0-19,mrna,1434.0,
2021-03-22,20-39,jnj,125.0,
2021-03-22,20-39,mrna,10533.0,
2021-03-22,40-64,jnj,271.0,
2021-03-22,40-64,mrna,21045.0,
2021-03-22,65+,jnj,55.0,
2021-03-22,65+,mrna,2838.0,
2021-03-23,0-19,jnj,135.0,
2021-03-23,0-19,mrna,1472.0,
2021-03-23,20-39,jnj,2693.0,
2021-03-23,20-39,mrna,10332.0,
2021-03-23,40-64,jnj,1636.0,
2021-03-23,40-64,mrna,19044.0,
2021-03-23,65+,jnj,119.0,
2021-03-23,65+,mrna,2657.0,
2021-03-24,0-19,jnj,44.0,
2021-03-24,0-19,mrna,981.0,
2021-03-24,20-39,jnj,1155.0,
2021-03-24,20-39,mrna,10722.0,
2021-03-24,40-64,jnj,858.0,
2021-03-24,40-64,mrna,20260.0,
2021-03-24,65+,jnj,175.0,
2021-03-24,65+,mrna,2043.0,
2021-03-25,0-19,jnj,19.0,
2021-03-25,0-19,mrna,1096.0,
2021-03-25,20-39,jnj,368.0,
2021-03-25,20-39,mrna,12963.0,
2021-03-25,40-64,jnj,692.0,
2021-03-25,40-64,mrna,23366.0,
2021-03-25,65+,jnj,158.0,
2021-03-25,65+,mrna,2390.0,
2021-03-26,0-19,jnj,14.0,
2021-03-26,0-19,mrna,1378.0,
2021-03-26,20-39,jnj,237.0,
2021-03-26,20-39,mrna,13210.0,
2021-03-26,40-64,jnj,518.0,
2021-03-26,40-64,mrna,22588.0,
2021-03-26,65+,jnj,112.0,
2021-03-26,65+,mrna,2139.0,
2021-03-27,0-19,jnj,12.0,
2021-03-27,0-19,mrna,883.0,
2021-03-27,20-39,jnj,90.0,
2021-03-27,20-39,mrna,10614.0,
2021-03-27,40-64,jnj,159.0,
2021-03-27,40-64,mrna,22212.0,
2021-03-27,65+,jnj,25.0,
2021-03-27,65+,mrna,1827.0,
2021-03-28,0-19,jnj,4.0,
2021-03-28,0-19,mrna,548.0,
2021-03-28,20-39,jnj,71.0,
2021-03-28,20-39,mrna,6505.0,
2021-03-28,40-64,jnj,89.0,
2021-03-28,40-64,mrna,10555.0,
2021-03-28,65+,jnj,14.0,
2021-03-28,65+,mrna,642.0,
2021-03-29,0-19,jnj,10.0,
2021-03-29,0-19,mrna,1270.0,
2021-03-29,20-39,jnj,97.0,
2021-03-29,20-39,mrna,11991.0,
2021-03-29,40-64,jnj,227.0,
2021-03-29,40-64,mrna,18993.0,
2021-03-29,65+,jnj,70.0,
2021-03-29,65+,mrna,1873.0,
2021-03-30,0-19,jnj,23.0,
2021-03-30,0-19,mrna,1148.0,
2021-03-30,20-39,jnj,278.0,
2021-03-30,20-39,mrna,10803.0,
2021-03-30,40-64,jnj,485.0,
2021-03-30,40-64,mrna,17150.0,
2021-03-30,65+,jnj,106.0,
2021-03-30,65+,mrna,1578.0,
2021-03-31,0-19,jnj,204.0,
2021-03-31,0-19,mrna,1202.0,
2021-03-31,20-39,jnj,743.0,
2021-03-31,20-39,mrna,12954.0,
2021-03-31,40-64,jnj,587.0,
2021-03-31,40-64,mrna,18468.0,
2021-03-31,65+,jnj,135.0,
2021-03-31,65+,mrna,1812.0,
2021-04-01,0-19,jnj,84.0,
2021-04-01,0-19,mrna,1611.0,
2021-04-01,20-39,jnj,1166.0,
2021-04-01,20-39,mrna,16473.0,
2021-04-01,40-64,jnj,1560.0,
2021-04-01,40-64,mrna,21141.0,
2021-04-01,65+,jnj,235.0,
2021-04-01,65+,mrna,2066.0,
2021-04-02,0-19,jnj,84.0,
2021-04-02,0-19,mrna,2292.0,
2021-04-02,20-39,jnj,1308.0,
2021-04-02,20-39,mrna,17806.0,
2021-04-02,40-64,jnj,2343.0,
2021-04-02,40-64,mrna,20263.0,
2021-04-02,65+,jnj,332.0,
2021-04-02,65+,mrna,1764.0,
2021-04-03,0-19,jnj,113.0,
2021-04-03,0-19,mrna,2003.0,
2021-04-03,20-39,jnj,1750.0,
2021-04-03,20-39,mrna,16467.0,
2021-04-03,40-64,jnj,2258.0,
2021-04-03,40-64,mrna,20046.0,
2021-04-03,65+,jnj,217.0,
2021-04-03,65+,mrna,1356.0,
2021-04-04,0-19,jnj,35.0,
2021-04-04,0-19,mrna,427.0,
2021-04-04,20-39,jnj,624.0,
2021-04-04,20-39,mrna,2807.0,
2021-04-04,40-64,jnj,430.0,
2021-04-04,40-64,mrna,2264.0,
2021-04-04,65+,jnj,49.0,
2021-04-04,65+,mrna,165.0,
2021-04-05,0-19,jnj,222.0,
2021-04-05,0-19,mrna,3232.0,
2021-04-05,20-39,jnj,3671.0,
2021-04-05,20-39,mrna,18726.0,
2021-04-05,40-64,jnj,4406.0,
2021-04-05,40-64,mrna,18692.0,
2021-04-05,65+,jnj,533.0,
2021-04-05,65+,mrna,1728.0,
2021-04-06,0-19,jnj,343.0,
2021-04-06,0-19,mrna,2394.0,
2021-04-06,20-39,jnj,3807.0,
2021-04-06,20-39,mrna,14046.0,
2021-04-06,40-64,jnj,3331.0,
2021-04-06,40-64,mrna,13735.0,
2021-04-06,65+,jnj,333.0,
2021-04-06,65+,mrna,1404.0,
2021-04-07,0-19,jnj,784.0,
2021-04-07,0-19,mrna,2346.0,
2021-04-07,20-39,jnj,7785.0,
2021-04-07,20-39,mrna,14583.0,
2021-04-07,40-64,jnj,5934.0,
2021-04-07,40-64,mrna,14109.0,
2021-04-07,65+,jnj,554.0,
2021-04-07,65+,mrna,1718.0,
2021-04-08,0-19,jnj,394.0,
2021-04-08,0-19,mrna,3768.0,
2021-04-08,20-39,jnj,5811.0,
2021-04-08,20-39,mrna,18828.0,
2021-04-08,40-64,jnj,4769.0,
2021-04-08,40-64,mrna,17334.0,
2021-04-08,65+,jnj,533.0,
2021-04-08,65+,mrna,1586.0,
2021-04-09,0-19,jnj,497.0,
2021-04-09,0-19,mrna,3585.0,
2021-04-09,20-39,jnj,6269.0,
2021-04-09,20-39,mrna,16555.0,
2021-04-09,40-64,jnj,5342.0,
2021-04-09,40-64,mrna,16087.0,
2021-04-09,65+,jnj,653.0,
2021-04-09,65+,mrna,1679.0,
2021-04-10,0-19,jnj,308.0,
2021-04-10,0-19,mrna,4567.0,
2021-04-10,20-39,jnj,2745.0,
2021-04-10,20-39,mrna,17207.0,
2021-04-10,40-64,jnj,2900.0,
2021-04-10,40-64,mrna,18108.0,
2021-04-10,65+,jnj,395.0,
2021-04-10,65+,mrna,1431.0,
2021-04-11,0-19,jnj,62.0,
2021-04-11,0-19,mrna,2101.0,
2021-04-11,20-39,jnj,733.0,
2021-04-11,20-39,mrna,11772.0,
2021-04-11,40-64,jnj,582.0,
2021-04-11,40-64,mrna,10225.0,
2021-04-11,65+,jnj,60.0,
2021-04-11,65+,mrna,805.0,
2021-04-12,0-19,jnj,286.0,
2021-04-12,0-19,mrna,3283.0,
2021-04-12,20-39,jnj,4074.0,
2021-04-12,20-39,mrna,19677.0,
2021-04-12,40-64,jnj,3090.0,
2021-04-12,40-64,mrna,18299.0,
2021-04-12,65+,jnj,458.0,
2021-04-12,65+,mrna,1869.0,
2021-04-13,0-19,jnj,9.0,
2021-04-13,0-19,mrna,3455.0,
2021-04-13,20-39,jnj,105.0,
2021-04-13,20-39,mrna,18415.0,
2021-04-13,40-64,jnj,76.0,
2021-04-13,40-64,mrna,15210.0,
2021-04-13,65+,jnj,13.0,
2021-04-13,65+,mrna,1794.0,
2021-04-14,0-19,jnj,2.0,
2021-04-14,0-19,mrna,3552.0,
2021-04-14,20-39,jnj,6.0,
2021-04-14,20-39,mrna,14911.0,
2021-04-14,40-64,jnj,8.0,
2021-04-14,40-64,mrna,12339.0,
2021-04-14,65+,jnj,4.0,
2021-04-14,65+,mrna,1355.0,
2021-04-15,0-19,jnj,1.0,
2021-04-15,0-19,mrna,3666.0,
2021-04-15,20-39,jnj,11.0,
2021-04-15,20-39,mrna,17035.0,
2021-04-15,40-64,jnj,10.0,
2021-04-15,40-64,mrna,13794.0,
2021-04-15,65+,jnj,5.0,
2021-04-15,65+,mrna,1560.0,
2021-04-16,0-19,jnj,0.0,
2021-04-16,0-19,mrna,3439.0,
2021-04-16,20-39,jnj,6.0,
2021-04-16,20-39,mrna,12982.0,
2021-04-16,40-64,jnj,4.0,
2021-04-16,40-64,mrna,12231.0,
2021-04-16,65+,jnj,2.0,
2021-04-16,65+,mrna,1345.0,
2021-04-17,0-19,jnj,0.0,
2021-04-17,0-19,mrna,3772.0,
2021-04-17,20-39,jnj,1.0,
2021-04-17,20-39,mrna,12489.0,
2021-04-17,40-64,jnj,0.0,
2021-04-17,40-64,mrna,12030.0,
2021-04-17,65+,jnj,0.0,
2021-04-17,65+,mrna,1222.0,
2021-04-18,0-19,jnj,0.0,
2021-04-18,0-19,mrna,1700.0,
2021-04-18,20-39,jnj,1.0,
2021-04-18,20-39,mrna,6449.0,
2021-04-18,40-64,jnj,2.0,
2021-04-18,40-64,mrna,6263.0,
2021-04-18,65+,jnj,0.0,
2021-04-18,65+,mrna,686.0,
2021-04-19,0-19,jnj,1.0,
2021-04-19,0-19,mrna,2819.0,
2021-04-19,20-39,jnj,13.0,
2021-04-19,20-39,mrna,13065.0,
2021-04-19,40-64,jnj,13.0,
2021-04-19,40-64,mrna,10549.0,
2021-04-19,65+,jnj,3.0,
2021-04-19,65+,mrna,1345.0,
2021-04-20,0-19,jnj,5.0,
2021-04-20,0-19,mrna,2303.0,
2021-04-20,20-39,jnj,19.0,
2021-04-20,20-39,mrna,12053.0,
2021-04-20,40-64,jnj,36.0,
2021-04-20,40-64,mrna,9939.0,
2021-04-20,65+,jnj,7.0,
2021-04-20,65+,mrna,1422.0,
2021-04-21,0-19,jnj,0.0,
2021-04-21,0-19,mrna,2448.0,
2021-04-21,20-39,jnj,2.0,
2021-04-21,20-39,mrna,8574.0,
2021-04-21,40-64,jnj,8.0,
2021-04-21,40-64,mrna,7868.0,
2021-04-21,65+,jnj,1.0,
2021-04-21,65+,mrna,1107.0,
2021-04-22,0-19,jnj,0.0,
2021-04-22,0-19,mrna,2428.0,
2021-04-22,20-39,jnj,3.0,
2021-04-22,20-39,mrna,12310.0,
2021-04-22,40-64,jnj,4.0,
2021-04-22,40-64,mrna,11339.0,
2021-04-22,65+,jnj,3.0,
2021-04-22,65+,mrna,1624.0,
2021-04-23,0-19,jnj,0.0,
2021-04-23,0-19,mrna,2271.0,
2021-04-23,20-39,jnj,9.0,
2021-04-23,20-39,mrna,11130.0,
2021-04-23,40-64,jnj,4.0,
2021-04-23,40-64,mrna,10285.0,
2021-04-23,65+,jnj,1.0,
2021-04-23,65+,mrna,1457.0,
2021-04-24,0-19,jnj,1.0,
2021-04-24,0-19,mrna,2257.0,
2021-04-24,20-39,jnj,9.0,
2021-04-24,20-39,mrna,8064.0,
2021-04-24,40-64,jnj,16.0,
2021-04-24,40-64,mrna,7779.0,
2021-04-24,65+,jnj,2.0,
2021-04-24,65+,mrna,946.0,
2021-04-25,0-19,jnj,0.0,
2021-04-25,0-19,mrna,1711.0,
2021-04-25,20-39,jnj,0.0,
2021-04-25,20-39,mrna,4777.0,
2021-04-25,40-64,jnj,2.0,
2021-04-25,40-64,mrna,4271.0,
2021-04-25,65+,jnj,1.0,
2021-04-25,65+,mrna,426.0,
2021-04-26,0-19,jnj,3.0,
2021-04-26,0-19,mrna,1780.0,
2021-04-26,20-39,jnj,29.0,
2021-04-26,20-39,mrna,9749.0,
2021-04-26,40-64,jnj,38.0,
2021-04-26,40-64,mrna,8215.0,
2021-04-26,65+,jnj,12.0,
2021-04-26,65+,mrna,1292.0,
2021-04-27,0-19,jnj,12.0,
2021-04-27,0-19,mrna,1738.0,
2021-04-27,20-39,jnj,153.0,
2021-04-27,20-39,mrna,8713.0,
2021-04-27,40-64,jnj,182.0,
2021-04-27,40-64,mrna,7264.0,
2021-04-27,65+,jnj,59.0,
2021-04-27,65+,mrna,1123.0,
2021-04-28,0-19,jnj,17.0,
2021-04-28,0-19,mrna,2501.0,
2021-04-28,20-39,jnj,187.0,
2021-04-28,20-39,mrna,8021.0,
2021-04-28,40-64,jnj,331.0,
2021-04-28,40-64,mrna,6411.0,
2021-04-28,65+,jnj,103.0,
2021-04-28,65+,mrna,957.0,
2021-04-29,0-19,jnj,15.0,
2021-04-29,0-19,mrna,1938.0,
2021-04-29,20-39,jnj,261.0,
2021-04-29,20-39,mrna,8354.0,
2021-04-29,40-64,jnj,364.0,
2021-04-29,40-64,mrna,6540.0,
2021-04-29,65+,jnj,88.0,
2021-04-29,65+,mrna,1087.0,
2021-04-30,0-19,jnj,49.0,
2021-04-30,0-19,mrna,2230.0,
2021-04-30,20-39,jnj,519.0,
2021-04-30,20-39,mrna,6838.0,
2021-04-30,40-64,jnj,566.0,
2021-04-30,40-64,mrna,6208.0,
2021-04-30,65+,jnj,168.0,
2021-04-30,65+,mrna,999.0,
2021-05-01,0-19,jnj,24.0,
2021-05-01,0-19,mrna,1954.0,
2021-05-01,20-39,jnj,181.0,
2021-05-01,20-39,mrna,5644.0,
2021-05-01,40-64,jnj,268.0,
2021-05-01,40-64,mrna,5103.0,
2021-05-01,65+,jnj,63.0,
2021-05-01,65+,mrna,668.0,
2021-05-02,0-19,jnj,13.0,
2021-05-02,0-19,mrna,793.0,
2021-05-02,20-39,jnj,173.0,
2021-05-02,20-39,mrna,2519.0,
2021-05-02,40-64,jnj,182.0,
2021-05-02,40-64,mrna,2171.0,
2021-05-02,65+,jnj,27.0,
2021-05-02,65+,mrna,241.0,
2021-05-03,0-19,jnj,27.0,
2021-05-03,0-19,mrna,1453.0,
2021-05-03,20-39,jnj,413.0,
2021-05-03,20-39,mrna,5769.0,
2021-05-03,40-64,jnj,491.0,
2021-05-03,40-64,mrna,4705.0,
2021-05-03,65+,jnj,111.0,
2021-05-03,65+,mrna,783.0,
2021-05-04,0-19,jnj,59.0,
2021-05-04,0-19,mrna,1591.0,
2021-05-04,20-39,jnj,580.0,
2021-05-04,20-39,mrna,5886.0,
2021-05-04,40-64,jnj,619.0,
2021-05-04,40-64,mrna,4952.0,
2021-05-04,65+,jnj,193.0,
2021-05-04,65+,mrna,964.0,
2021-05-05,0-19,jnj,91.0,
2021-05-05,0-19,mrna,1568.0,
2021-05-05,20-39,jnj,573.0,
2021-05-05,20-39,mrna,5485.0,
2021-05-05,40-64,jnj,695.0,
2021-05-05,40-64,mrna,4366.0,
2021-05-05,65+,jnj,165.0,
2021-05-05,65+,mrna,857.0,
2021-05-06,0-19,jnj,64.0,
2021-05-06,0-19,mrna,1026.0,
2021-05-06,20-39,jnj,708.0,
2021-05-06,20-39,mrna,5145.0,
2021-05-06,40-64,jnj,735.0,
2021-05-06,40-64,mrna,4153.0,
2021-05-06,65+,jnj,183.0,
2021-05-06,65+,mrna,781.0,
2021-05-07,0-19,jnj,70.0,
2021-05-07,0-19,mrna,1490.0,
2021-05-07,20-39,jnj,614.0,
2021-05-07,20-39,mrna,5440.0,
2021-05-07,40-64,jnj,733.0,
2021-05-07,40-64,mrna,4448.0,
2021-05-07,65+,jnj,179.0,
2021-05-07,65+,mrna,738.0,
2021-05-08,0-19,jnj,57.0,
2021-05-08,0-19,mrna,1257.0,
2021-05-08,20-39,jnj,489.0,
2021-05-08,20-39,mrna,4268.0,
2021-05-08,40-64,jnj,550.0,
2021-05-08,40-64,mrna,3709.0,
2021-05-08,65+,jnj,127.0,
2021-05-08,65+,mrna,497.0,
2021-05-09,0-19,jnj,15.0,
2021-05-09,0-19,mrna,529.0,
2021-05-09,20-39,jnj,194.0,
2021-05-09,20-39,mrna,2169.0,
2021-05-09,40-64,jnj,192.0,
2021-05-09,40-64,mrna,1479.0,
2021-05-09,65+,jnj,40.0,
2021-05-09,65+,mrna,165.0,
2021-05-10,0-19,jnj,40.0,
2021-05-10,0-19,mrna,1108.0,
2021-05-10,20-39,jnj,411.0,
2021-05-10,20-39,mrna,4104.0,
2021-05-10,40-64,jnj,498.0,
2021-05-10,40-64,mrna,3346.0,
2021-05-10,65+,jnj,154.0,
2021-05-10,65+,mrna,571.0,
2021-05-11,0-19,jnj,60.0,
2021-05-11,0-19,mrna,1584.0,
2021-05-11,20-39,jnj,538.0,
2021-05-11,20-39,mrna,4898.0,
2021-05-11,40-64,jnj,654.0,
2021-05-11,40-64,mrna,3553.0,
2021-05-11,65+,jnj,170.0,
2021-05-11,65+,mrna,635.0,
2021-05-12,0-19,jnj,75.0,
2021-05-12,0-19,mrna,1906.0,
2021-05-12,20-39,jnj,681.0,
2021-05-12,20-39,mrna,3691.0,
2021-05-12,40-64,jnj,724.0,
2021-05-12,40-64,mrna,2932.0,
2021-05-12,65+,jnj,196.0,
2021-05-12,65+,mrna,610.0,
2021-05-13,0-19,jnj,42.0,
2021-05-13,0-19,mrna,8300.0,
2021-05-13,20-39,jnj,585.0,
2021-05-13,20-39,mrna,4242.0,
2021-05-13,40-64,jnj,656.0,
2021-05-13,40-64,mrna,3272.0,
2021-05-13,65+,jnj,142.0,
2021-05-13,65+,mrna,581.0,
2021-05-14,0-19,jnj,55.0,
2021-05-14,0-19,mrna,8510.0,
2021-05-14,20-39,jnj,694.0,
2021-05-14,20-39,mrna,4870.0,
2021-05-14,40-64,jnj,799.0,
2021-05-14,40-64,mrna,4118.0,
2021-05-14,65+,jnj,183.0,
2021-05-14,65+,mrna,671.0,
2021-05-15,0-19,jnj,39.0,
2021-05-15,0-19,mrna,9363.0,
2021-05-15,20-39,jnj,612.0,
2021-05-15,20-39,mrna,4720.0,
2021-05-15,40-64,jnj,603.0,
2021-05-15,40-64,mrna,3681.0,
2021-05-15,65+,jnj,118.0,
2021-05-15,65+,mrna,451.0,
2021-05-16,0-19,jnj,29.0,
2021-05-16,0-19,mrna,5876.0,
2021-05-16,20-39,jnj,384.0,
2021-05-16,20-39,mrna,2832.0,
2021-05-16,40-64,jnj,356.0,
2021-05-16,40-64,mrna,2264.0,
2021-05-16,65+,jnj,54.0,
2021-05-16,65+,mrna,235.0,
2021-05-17,0-19,jnj,52.0,
2021-05-17,0-19,mrna,8045.0,
2021-05-17,20-39,jnj,598.0,
2021-05-17,20-39,mrna,6238.0,
2021-05-17,40-64,jnj,630.0,
2021-05-17,40-64,mrna,4509.0,
2021-05-17,65+,jnj,149.0,
2021-05-17,65+,mrna,754.0,
2021-05-18,0-19,jnj,44.0,
2021-05-18,0-19,mrna,7616.0,
2021-05-18,20-39,jnj,613.0,
2021-05-18,20-39,mrna,5201.0,
2021-05-18,40-64,jnj,727.0,
2021-05-18,40-64,mrna,3780.0,
2021-05-18,65+,jnj,182.0,
2021-05-18,65+,mrna,603.0,
2021-05-19,0-19,jnj,63.0,
2021-05-19,0-19,mrna,7739.0,
2021-05-19,20-39,jnj,655.0,
2021-05-19,20-39,mrna,5039.0,
2021-05-19,40-64,jnj,686.0,
2021-05-19,40-64,mrna,3360.0,
2021-05-19,65+,jnj,149.0,
2021-05-19,65+,mrna,610.0,
2021-05-20,0-19,jnj,53.0,
2021-05-20,0-19,mrna,6712.0,
2021-05-20,20-39,jnj,705.0,
2021-05-20,20-39,mrna,5138.0,
2021-05-20,40-64,jnj,742.0,
2021-05-20,40-64,mrna,3700.0,
2021-05-20,65+,jnj,171.0,
2021-05-20,65+,mrna,676.0,
2021-05-21,0-19,jnj,59.0,
2021-05-21,0-19,mrna,6119.0,
2021-05-21,20-39,jnj,684.0,
2021-05-21,20-39,mrna,4629.0,
2021-05-21,40-64,jnj,734.0,
2021-05-21,40-64,mrna,3506.0,
2021-05-21,65+,jnj,144.0,
2021-05-21,65+,mrna,588.0,
2021-05-22,0-19,jnj,27.0,
2021-05-22,0-19,mrna,6019.0,
2021-05-22,20-39,jnj,422.0,
2021-05-22,20-39,mrna,4496.0,
2021-05-22,40-64,jnj,440.0,
2021-05-22,40-64,mrna,3399.0,
2021-05-22,65+,jnj,85.0,
2021-05-22,65+,mrna,447.0,
2021-05-23,0-19,jnj,26.0,
2021-05-23,0-19,mrna,3497.0,
2021-05-23,20-39,jnj,305.0,
2021-05-23,20-39,mrna,2596.0,
2021-05-23,40-64,jnj,290.0,
2021-05-23,40-64,mrna,1854.0,
2021-05-23,65+,jnj,54.0,
2021-05-23,65+,mrna,203.0,
2021-05-24,0-19,jnj,59.0,
2021-05-24,0-19,mrna,3729.0,
2021-05-24,20-39,jnj,666.0,
2021-05-24,20-39,mrna,4293.0,
2021-05-24,40-64,jnj,631.0,
2021-05-24,40-64,mrna,2999.0,
2021-05-24,65+,jnj,148.0,
2021-05-24,65+,mrna,494.0,
2021-05-25,0-19,jnj,52.0,
2021-05-25,0-19,mrna,3585.0,
2021-05-25,20-39,jnj,622.0,
2021-05-25,20-39,mrna,3500.0,
2021-05-25,40-64,jnj,576.0,
2021-05-25,40-64,mrna,2328.0,
2021-05-25,65+,jnj,124.0,
2021-05-25,65+,mrna,430.0,
2021-05-26,0-19,jnj,51.0,
2021-05-26,0-19,mrna,4309.0,
2021-05-26,20-39,jnj,711.0,
2021-05-26,20-39,mrna,3367.0,
2021-05-26,40-64,jnj,623.0,
2021-05-26,40-64,mrna,2365.0,
2021-05-26,65+,jnj,172.0,
2021-05-26,65+,mrna,456.0,
2021-05-27,0-19,jnj,45.0,
2021-05-27,0-19,mrna,4149.0,
2021-05-27,20-39,jnj,862.0,
2021-05-27,20-39,mrna,3374.0,
2021-05-27,40-64,jnj,686.0,
2021-05-27,40-64,mrna,2486.0,
2021-05-27,65+,jnj,170.0,
2021-05-27,65+,mrna,436.0,
2021-05-28,0-19,jnj,41.0,
2021-05-28,0-19,mrna,4026.0,
2021-05-28,20-39,jnj,712.0,
2021-05-28,20-39,mrna,3607.0,
2021-05-28,40-64,jnj,707.0,
2021-05-28,40-64,mrna,2784.0,
2021-05-28,65+,jnj,151.0,
2021-05-28,65+,mrna,480.0,
2021-05-29,0-19,jnj,27.0,
2021-05-29,0-19,mrna,2290.0,
2021-05-29,20-39,jnj,338.0,
2021-05-29,20-39,mrna,2473.0,
2021-05-29,40-64,jnj,357.0,
2021-05-29,40-64,mrna,2007.0,
2021-05-29,65+,jnj,50.0,
2021-05-29,65+,mrna,312.0,
2021-05-30,0-19,jnj,21.0,
2021-05-30,0-19,mrna,1078.0,
2021-05-30,20-39,jnj,243.0,
2021-05-30,20-39,mrna,1390.0,
2021-05-30,40-64,jnj,209.0,
2021-05-30,40-64,mrna,977.0,
2021-05-30,65+,jnj,21.0,
2021-05-30,65+,mrna,101.0,
2021-05-31,0-19,jnj,20.0,
2021-05-31,0-19,mrna,986.0,
2021-05-31,20-39,jnj,152.0,
2021-05-31,20-39,mrna,1370.0,
2021-05-31,40-64,jnj,169.0,
2021-05-31,40-64,mrna,1019.0,
2021-05-31,65+,jnj,27.0,
2021-05-31,65+,mrna,146.0,
2021-06-01,0-19,jnj,38.0,
2021-06-01,0-19,mrna,3080.0,
2021-06-01,20-39,jnj,554.0,
2021-06-01,20-39,mrna,3034.0,
2021-06-01,40-64,jnj,490.0,
2021-06-01,40-64,mrna,2217.0,
2021-06-01,65+,jnj,119.0,
2021-06-01,65+,mrna,386.0,
2021-06-02,0-19,jnj,40.0,
2021-06-02,0-19,mrna,2794.0,
2021-06-02,20-39,jnj,567.0,
2021-06-02,20-39,mrna,2477.0,
2021-06-02,40-64,jnj,546.0,
2021-06-02,40-64,mrna,1777.0,
2021-06-02,65+,jnj,102.0,
2021-06-02,65+,mrna,323.0,
2021-06-03,0-19,jnj,35.0,
2021-06-03,0-19,mrna,2754.0,
2021-06-03,20-39,jnj,454.0,
2021-06-03,20-39,mrna,2391.0,
2021-06-03,40-64,jnj,476.0,
2021-06-03,40-64,mrna,1898.0,
2021-06-03,65+,jnj,93.0,
2021-06-03,65+,mrna,340.0,
2021-06-04,0-19,jnj,39.0,
2021-06-04,0-19,mrna,2315.0,
2021-06-04,20-39,jnj,484.0,
2021-06-04,20-39,mrna,2490.0,
2021-06-04,40-64,jnj,454.0,
2021-06-04,40-64,mrna,1998.0,
2021-06-04,65+,jnj,126.0,
2021-06-04,65+,mrna,348.0,
2021-06-05,0-19,jnj,41.0,
2021-06-05,0-19,mrna,1998.0,
2021-06-05,20-39,jnj,362.0,
2021-06-05,20-39,mrna,2131.0,
2021-06-05,40-64,jnj,353.0,
2021-06-05,40-64,mrna,1602.0,
2021-06-05,65+,jnj,63.0,
2021-06-05,65+,mrna,253.0,
2021-06-06,0-19,jnj,18.0,
2021-06-06,0-19,mrna,1036.0,
2021-06-06,20-39,jnj,239.0,
2021-06-06,20-39,mrna,1056.0,
2021-06-06,40-64,jnj,151.0,
2021-06-06,40-64,mrna,799.0,
2021-06-06,65+,jnj,30.0,
2021-06-06,65+,mrna,101.0,
2021-06-07,0-19,jnj,40.0,
2021-06-07,0-19,mrna,2459.0,
2021-06-07,20-39,jnj,455.0,
2021-06-07,20-39,mrna,2519.0,
2021-06-07,40-64,jnj,432.0,
2021-06-07,40-64,mrna,1762.0,
2021-06-07,65+,jnj,110.0,
2021-06-07,65+,mrna,325.0,
2021-06-08,0-19,jnj,41.0,
2021-06-08,0-19,mrna,1999.0,
2021-06-08,20-39,jnj,392.0,
2021-06-08,20-39,mrna,1909.0,
2021-06-08,40-64,jnj,349.0,
2021-06-08,40-64,mrna,1410.0,
2021-06-08,65+,jnj,88.0,
2021-06-08,65+,mrna,272.0,
2021-06-09,0-19,jnj,40.0,
2021-06-09,0-19,mrna,2132.0,
2021-06-09,20-39,jnj,362.0,
2021-06-09,20-39,mrna,1753.0,
2021-06-09,40-64,jnj,387.0,
2021-06-09,40-64,mrna,1293.0,
2021-06-09,65+,jnj,98.0,
2021-06-09,65+,mrna,293.0,
2021-06-10,0-19,jnj,21.0,
2021-06-10,0-19,mrna,2105.0,
2021-06-10,20-39,jnj,395.0,
2021-06-10,20-39,mrna,2094.0,
2021-06-10,40-64,jnj,409.0,
2021-06-10,40-64,mrna,1502.0,
2021-06-10,65+,jnj,87.0,
2021-06-10,65+,mrna,315.0,
2021-06-11,0-19,jnj,37.0,
2021-06-11,0-19,mrna,2213.0,
2021-06-11,20-39,jnj,427.0,
2021-06-11,20-39,mrna,2277.0,
2021-06-11,40-64,jnj,426.0,
2021-06-11,40-64,mrna,1800.0,
2021-06-11,65+,jnj,96.0,
2021-06-11,65+,mrna,281.0,
2021-06-12,0-19,jnj,30.0,
2021-06-12,0-19,mrna,1560.0,
2021-06-12,20-39,jnj,249.0,
2021-06-12,20-39,mrna,1598.0,
2021-06-12,40-64,jnj,240.0,
2021-06-12,40-64,mrna,1173.0,
2021-06-12,65+,jnj,40.0,
2021-06-12,65+,mrna,168.0,
2021-06-13,0-19,jnj,27.0,
2021-06-13,0-19,mrna,625.0,
2021-06-13,20-39,jnj,188.0,
2021-06-13,20-39,mrna,850.0,
2021-06-13,40-64,jnj,124.0,
2021-06-13,40-64,mrna,599.0,
2021-06-13,65+,jnj,10.0,
2021-06-13,65+,mrna,52.0,
2021-06-14,0-19,jnj,45.0,
2021-06-14,0-19,mrna,1739.0,
2021-06-14,20-39,jnj,352.0,
2021-06-14,20-39,mrna,2123.0,
2021-06-14,40-64,jnj,346.0,
2021-06-14,40-64,mrna,1418.0,
2021-06-14,65+,jnj,76.0,
2021-06-14,65+,mrna,278.0,
2021-06-15,0-19,jnj,27.0,
2021-06-15,0-19,mrna,1764.0,
2021-06-15,20-39,jnj,292.0,
2021-06-15,20-39,mrna,1764.0,
2021-06-15,40-64,jnj,247.0,
2021-06-15,40-64,mrna,1167.0,
2021-06-15,65+,jnj,83.0,
2021-06-15,65+,mrna,235.0,
2021-06-16,0-19,jnj,29.0,
2021-06-16,0-19,mrna,1699.0,
2021-06-16,20-39,jnj,285.0,
2021-06-16,20-39,mrna,1585.0,
2021-06-16,40-64,jnj,264.0,
2021-06-16,40-64,mrna,1153.0,
2021-06-16,65+,jnj,78.0,
2021-06-16,65+,mrna,255.0,
2021-06-17,0-19,jnj,28.0,
2021-06-17,0-19,mrna,1544.0,
2021-06-17,20-39,jnj,285.0,
2021-06-17,20-39,mrna,1635.0,
2021-06-17,40-64,jnj,264.0,
2021-06-17,40-64,mrna,1175.0,
2021-06-17,65+,jnj,80.0,
2021-06-17,65+,mrna,257.0,
2021-06-18,0-19,jnj,30.0,
2021-06-18,0-19,mrna,1751.0,
2021-06-18,20-39,jnj,317.0,
2021-06-18,20-39,mrna,2062.0,
2021-06-18,40-64,jnj,350.0,
2021-06-18,40-64,mrna,1605.0,
2021-06-18,65+,jnj,66.0,
2021-06-18,65+,mrna,294.0,
2021-06-19,0-19,jnj,21.0,
2021-06-19,0-19,mrna,1061.0,
2021-06-19,20-39,jnj,188.0,
2021-06-19,20-39,mrna,1177.0,
2021-06-19,40-64,jnj,176.0,
2021-06-19,40-64,mrna,1004.0,
2021-06-19,65+,jnj,29.0,
2021-06-19,65+,mrna,174.0,
2021-06-20,0-19,jnj,6.0,
2021-06-20,0-19,mrna,548.0,
2021-06-20,20-39,jnj,132.0,
2021-06-20,20-39,mrna,848.0,
2021-06-20,40-64,jnj,85.0,
2021-06-20,40-64,mrna,560.0,
2021-06-20,65+,jnj,13.0,
2021-06-20,65+,mrna,59.0,
2021-06-21,0-19,jnj,25.0,
2021-06-21,0-19,mrna,1567.0,
2021-06-21,20-39,jnj,317.0,
2021-06-21,20-39,mrna,2033.0,
2021-06-21,40-64,jnj,278.0,
2021-06-21,40-64,mrna,1531.0,
2021-06-21,65+,jnj,69.0,
2021-06-21,65+,mrna,303.0,
2021-06-22,0-19,jnj,41.0,
2021-06-22,0-19,mrna,1445.0,
2021-06-22,20-39,jnj,381.0,
2021-06-22,20-39,mrna,1662.0,
2021-06-22,40-64,jnj,253.0,
2021-06-22,40-64,mrna,1256.0,
2021-06-22,65+,jnj,61.0,
2021-06-22,65+,mrna,234.0,
2021-06-23,0-19,jnj,23.0,
2021-06-23,0-19,mrna,1546.0,
2021-06-23,20-39,jnj,284.0,
2021-06-23,20-39,mrna,1616.0,
2021-06-23,40-64,jnj,269.0,
2021-06-23,40-64,mrna,1227.0,
2021-06-23,65+,jnj,74.0,
2021-06-23,65+,mrna,243.0,
2021-06-24,0-19,jnj,25.0,
2021-06-24,0-19,mrna,1508.0,
2021-06-24,20-39,jnj,249.0,
2021-06-24,20-39,mrna,1586.0,
2021-06-24,40-64,jnj,213.0,
2021-06-24,40-64,mrna,1217.0,
2021-06-24,65+,jnj,72.0,
2021-06-24,65+,mrna,244.0,
2021-06-25,0-19,jnj,30.0,
2021-06-25,0-19,mrna,1548.0,
2021-06-25,20-39,jnj,259.0,
2021-06-25,20-39,mrna,2036.0,
2021-06-25,40-64,jnj,265.0,
2021-06-25,40-64,mrna,1670.0,
2021-06-25,65+,jnj,59.0,
2021-06-25,65+,mrna,278.0,
2021-06-26,0-19,jnj,23.0,
2021-06-26,0-19,mrna,946.0,
2021-06-26,20-39,jnj,170.0,
2021-06-26,20-39,mrna,1222.0,
2021-06-26,40-64,jnj,185.0,
2021-06-26,40-64,mrna,1003.0,
2021-06-26,65+,jnj,32.0,
2021-06-26,65+,mrna,157.0,
2021-06-27,0-19,jnj,6.0,
2021-06-27,0-19,mrna,620.0,
2021-06-27,20-39,jnj,114.0,
2021-06-27,20-39,mrna,937.0,
2021-06-27,40-64,jnj,90.0,
2021-06-27,40-64,mrna,645.0,
2021-06-27,65+,jnj,18.0,
2021-06-27,65+,mrna,73.0,
2021-06-28,0-19,jnj,32.0,
2021-06-28,0-19,mrna,1494.0,
2021-06-28,20-39,jnj,258.0,
2021-06-28,20-39,mrna,1872.0,
2021-06-28,40-64,jnj,262.0,
2021-06-28,40-64,mrna,1369.0,
2021-06-28,65+,jnj,58.0,
2021-06-28,65+,mrna,316.0,
2021-06-29,0-19,jnj,39.0,
2021-06-29,0-19,mrna,1294.0,
2021-06-29,20-39,jnj,283.0,
2021-06-29,20-39,mrna,1571.0,
2021-06-29,40-64,jnj,250.0,
2021-06-29,40-64,mrna,1256.0,
2021-06-29,65+,jnj,58.0,
2021-06-29,65+,mrna,287.0,
2021-06-30,0-19,jnj,30.0,
2021-06-30,0-19,mrna,1315.0,
2021-06-30,20-39,jnj,251.0,
2021-06-30,20-39,mrna,1462.0,
2021-06-30,40-64,jnj,261.0,
2021-06-30,40-64,mrna,1379.0,
2021-06-30,65+,jnj,54.0,
2021-06-30,65+,mrna,292.0,
2021-07-01,0-19,jnj,16.0,
2021-07-01,0-19,mrna,1125.0,
2021-07-01,20-39,jnj,202.0,
2021-07-01,20-39,mrna,1396.0,
2021-07-01,40-64,jnj,185.0,
2021-07-01,40-64,mrna,1025.0,
2021-07-01,65+,jnj,50.0,
2021-07-01,65+,mrna,256.0,
2021-07-02,0-19,jnj,22.0,
2021-07-02,0-19,mrna,1216.0,
2021-07-02,20-39,jnj,183.0,
2021-07-02,20-39,mrna,1633.0,
2021-07-02,40-64,jnj,234.0,
2021-07-02,40-64,mrna,1192.0,
2021-07-02,65+,jnj,52.0,
2021-07-02,65+,mrna,233.0,
2021-07-03,0-19,jnj,7.0,
2021-07-03,0-19,mrna,587.0,
2021-07-03,20-39,jnj,105.0,
2021-07-03,20-39,mrna,841.0,
2021-07-03,40-64,jnj,114.0,
2021-07-03,40-64,mrna,648.0,
2021-07-03,65+,jnj,28.0,
2021-07-03,65+,mrna,114.0,
2021-07-04,0-19,jnj,6.0,
2021-07-04,0-19,mrna,122.0,
2021-07-04,20-39,jnj,73.0,
2021-07-04,20-39,mrna,189.0,
2021-07-04,40-64,jnj,39.0,
2021-07-04,40-64,mrna,124.0,
2021-07-04,65+,jnj,6.0,
2021-07-04,65+,mrna,20.0,
2021-07-05,0-19,jnj,13.0,
2021-07-05,0-19,mrna,970.0,
2021-07-05,20-39,jnj,123.0,
2021-07-05,20-39,mrna,1445.0,
2021-07-05,40-64,jnj,113.0,
2021-07-05,40-64,mrna,1035.0,
2021-07-05,65+,jnj,30.0,
2021-07-05,65+,mrna,163.0,
2021-07-06,0-19,jnj,20.0,
2021-07-06,0-19,mrna,1050.0,
2021-07-06,20-39,jnj,211.0,
2021-07-06,20-39,mrna,1226.0,
2021-07-06,40-64,jnj,165.0,
2021-07-06,40-64,mrna,863.0,
2021-07-06,65+,jnj,41.0,
2021-07-06,65+,mrna,218.0,
2021-07-07,0-19,jnj,29.0,
2021-07-07,0-19,mrna,1158.0,
2021-07-07,20-39,jnj,303.0,
2021-07-07,20-39,mrna,1252.0,
2021-07-07,40-64,jnj,219.0,
2021-07-07,40-64,mrna,893.0,
2021-07-07,65+,jnj,40.0,
2021-07-07,65+,mrna,195.0,
2021-07-08,0-19,jnj,26.0,
2021-07-08,0-19,mrna,1147.0,
2021-07-08,20-39,jnj,262.0,
2021-07-08,20-39,mrna,1374.0,
2021-07-08,40-64,jnj,200.0,
2021-07-08,40-64,mrna,1050.0,
2021-07-08,65+,jnj,55.0,
2021-07-08,65+,mrna,233.0,
2021-07-09,0-19,jnj,21.0,
2021-07-09,0-19,mrna,1215.0,
2021-07-09,20-39,jnj,261.0,
2021-07-09,20-39,mrna,1594.0,
2021-07-09,40-64,jnj,222.0,
2021-07-09,40-64,mrna,1235.0,
2021-07-09,65+,jnj,51.0,
2021-07-09,65+,mrna,261.0,
2021-07-10,0-19,jnj,13.0,
2021-07-10,0-19,mrna,718.0,
2021-07-10,20-39,jnj,100.0,
2021-07-10,20-39,mrna,999.0,
2021-07-10,40-64,jnj,107.0,
2021-07-10,40-64,mrna,702.0,
2021-07-10,65+,jnj,23.0,
2021-07-10,65+,mrna,108.0,
2021-07-11,0-19,jnj,10.0,
2021-07-11,0-19,mrna,534.0,
2021-07-11,20-39,jnj,109.0,
2021-07-11,20-39,mrna,641.0,
2021-07-11,40-64,jnj,79.0,
2021-07-11,40-64,mrna,475.0,
2021-07-11,65+,jnj,16.0,
2021-07-11,65+,mrna,47.0,
2021-07-12,0-19,jnj,18.0,
2021-07-12,0-19,mrna,1368.0,
2021-07-12,20-39,jnj,185.0,
2021-07-12,20-39,mrna,1591.0,
2021-07-12,40-64,jnj,173.0,
2021-07-12,40-64,mrna,1091.0,
2021-07-12,65+,jnj,29.0,
2021-07-12,65+,mrna,200.0,
2021-07-13,0-19,jnj,13.0,
2021-07-13,0-19,mrna,1129.0,
2021-07-13,20-39,jnj,183.0,
2021-07-13,20-39,mrna,1127.0,
2021-07-13,40-64,jnj,141.0,
2021-07-13,40-64,mrna,795.0,
2021-07-13,65+,jnj,36.0,
2021-07-13,65+,mrna,180.0,
2021-07-14,0-19,jnj,20.0,
2021-07-14,0-19,mrna,1087.0,
2021-07-14,20-39,jnj,143.0,
2021-07-14,20-39,mrna,1137.0,
2021-07-14,40-64,jnj,123.0,
2021-07-14,40-64,mrna,835.0,
2021-07-14,65+,jnj,37.0,
2021-07-14,65+,mrna,185.0,
2021-07-15,0-19,jnj,26.0,
2021-07-15,0-19,mrna,1239.0,
2021-07-15,20-39,jnj,159.0,
2021-07-15,20-39,mrna,1189.0,
2021-07-15,40-64,jnj,131.0,
2021-07-15,40-64,mrna,928.0,
2021-07-15,65+,jnj,17.0,
2021-07-15,65+,mrna,196.0,
2021-07-16,0-19,jnj,25.0,
2021-07-16,0-19,mrna,1374.0,
2021-07-16,20-39,jnj,140.0,
2021-07-16,20-39,mrna,1504.0,
2021-07-16,40-64,jnj,142.0,
2021-07-16,40-64,mrna,1206.0,
2021-07-16,65+,jnj,39.0,
2021-07-16,65+,mrna,224.0,
2021-07-17,0-19,jnj,12.0,
2021-07-17,0-19,mrna,883.0,
2021-07-17,20-39,jnj,89.0,
2021-07-17,20-39,mrna,1011.0,
2021-07-17,40-64,jnj,99.0,
2021-07-17,40-64,mrna,729.0,
2021-07-17,65+,jnj,13.0,
2021-07-17,65+,mrna,139.0,
2021-07-18,0-19,jnj,10.0,
2021-07-18,0-19,mrna,574.0,
2021-07-18,20-39,jnj,84.0,
2021-07-18,20-39,mrna,691.0,
2021-07-18,40-64,jnj,61.0,
2021-07-18,40-64,mrna,488.0,
2021-07-18,65+,jnj,11.0,
2021-07-18,65+,mrna,73.0,
2021-07-19,0-19,jnj,21.0,
2021-07-19,0-19,mrna,1675.0,
2021-07-19,20-39,jnj,167.0,
2021-07-19,20-39,mrna,1949.0,
2021-07-19,40-64,jnj,158.0,
2021-07-19,40-64,mrna,1400.0,
2021-07-19,65+,jnj,25.0,
2021-07-19,65+,mrna,289.0,
2021-07-20,0-19,jnj,23.0,
2021-07-20,0-19,mrna,1455.0,
2021-07-20,20-39,jnj,149.0,
2021-07-20,20-39,mrna,1382.0,
2021-07-20,40-64,jnj,125.0,
2021-07-20,40-64,mrna,1053.0,
2021-07-20,65+,jnj,26.0,
2021-07-20,65+,mrna,267.0,
2021-07-21,0-19,jnj,18.0,
2021-07-21,0-19,mrna,1462.0,
2021-07-21,20-39,jnj,184.0,
2021-07-21,20-39,mrna,1488.0,
2021-07-21,40-64,jnj,115.0,
2021-07-21,40-64,mrna,1068.0,
2021-07-21,65+,jnj,60.0,
2021-07-21,65+,mrna,290.0,
2021-07-22,0-19,jnj,28.0,
2021-07-22,0-19,mrna,1665.0,
2021-07-22,20-39,jnj,227.0,
2021-07-22,20-39,mrna,1755.0,
2021-07-22,40-64,jnj,210.0,
2021-07-22,40-64,mrna,1279.0,
2021-07-22,65+,jnj,39.0,
2021-07-22,65+,mrna,273.0,
2021-07-23,0-19,jnj,12.0,
2021-07-23,0-19,mrna,1726.0,
2021-07-23,20-39,jnj,176.0,
2021-07-23,20-39,mrna,1929.0,
2021-07-23,40-64,jnj,197.0,
2021-07-23,40-64,mrna,1666.0,
2021-07-23,65+,jnj,41.0,
2021-07-23,65+,mrna,336.0,
2021-07-24,0-19,jnj,22.0,
2021-07-24,0-19,mrna,941.0,
2021-07-24,20-39,jnj,166.0,
2021-07-24,20-39,mrna,1348.0,
2021-07-24,40-64,jnj,158.0,
2021-07-24,40-64,mrna,1128.0,
2021-07-24,65+,jnj,30.0,
2021-07-24,65+,mrna,151.0,
2021-07-25,0-19,jnj,14.0,
2021-07-25,0-19,mrna,795.0,
2021-07-25,20-39,jnj,101.0,
2021-07-25,20-39,mrna,1034.0,
2021-07-25,40-64,jnj,99.0,
2021-07-25,40-64,mrna,773.0,
2021-07-25,65+,jnj,19.0,
2021-07-25,65+,mrna,91.0,
2021-07-26,0-19,jnj,17.0,
2021-07-26,0-19,mrna,1748.0,
2021-07-26,20-39,jnj,182.0,
2021-07-26,20-39,mrna,2393.0,
2021-07-26,40-64,jnj,171.0,
2021-07-26,40-64,mrna,1760.0,
2021-07-26,65+,jnj,40.0,
2021-07-26,65+,mrna,325.0,
2021-07-27,0-19,jnj,32.0,
2021-07-27,0-19,mrna,1448.0,
2021-07-27,20-39,jnj,203.0,
2021-07-27,20-39,mrna,1875.0,
2021-07-27,40-64,jnj,242.0,
2021-07-27,40-64,mrna,1425.0,
2021-07-27,65+,jnj,45.0,
2021-07-27,65+,mrna,324.0,
2021-07-28,0-19,jnj,36.0,
2021-07-28,0-19,mrna,1527.0,
2021-07-28,20-39,jnj,206.0,
2021-07-28,20-39,mrna,1871.0,
2021-07-28,40-64,jnj,207.0,
2021-07-28,40-64,mrna,1356.0,
2021-07-28,65+,jnj,55.0,
2021-07-28,65+,mrna,272.0,
2021-07-29,0-19,jnj,17.0,
2021-07-29,0-19,mrna,1729.0,
2021-07-29,20-39,jnj,301.0,
2021-07-29,20-39,mrna,2100.0,
2021-07-29,40-64,jnj,328.0,
2021-07-29,40-64,mrna,1622.0,
2021-07-29,65+,jnj,51.0,
2021-07-29,65+,mrna,354.0,
2021-07-30,0-19,jnj,36.0,
2021-07-30,0-19,mrna,1826.0,
2021-07-30,20-39,jnj,369.0,
2021-07-30,20-39,mrna,2781.0,
2021-07-30,40-64,jnj,320.0,
2021-07-30,40-64,mrna,2021.0,
2021-07-30,65+,jnj,54.0,
2021-07-30,65+,mrna,372.0,
2021-07-31,0-19,jnj,25.0,
2021-07-31,0-19,mrna,1295.0,
2021-07-31,20-39,jnj,190.0,
2021-07-31,20-39,mrna,1797.0,
2021-07-31,40-64,jnj,212.0,
2021-07-31,40-64,mrna,1259.0,
2021-07-31,65+,jnj,14.0,
2021-07-31,65+,mrna,154.0,
2021-08-01,0-19,jnj,8.0,
2021-08-01,0-19,mrna,827.0,
2021-08-01,20-39,jnj,110.0,
2021-08-01,20-39,mrna,1140.0,
2021-08-01,40-64,jnj,95.0,
2021-08-01,40-64,mrna,798.0,
2021-08-01,65+,jnj,12.0,
2021-08-01,65+,mrna,96.0,
2021-08-02,0-19,jnj,32.0,
2021-08-02,0-19,mrna,1925.0,
2021-08-02,20-39,jnj,223.0,
2021-08-02,20-39,mrna,2898.0,
2021-08-02,40-64,jnj,229.0,
2021-08-02,40-64,mrna,2086.0,
2021-08-02,65+,jnj,48.0,
2021-08-02,65+,mrna,350.0,
2021-08-03,0-19,jnj,31.0,
2021-08-03,0-19,mrna,1711.0,
2021-08-03,20-39,jnj,273.0,
2021-08-03,20-39,mrna,2367.0,
2021-08-03,40-64,jnj,259.0,
2021-08-03,40-64,mrna,1740.0,
2021-08-03,65+,jnj,46.0,
2021-08-03,65+,mrna,354.0,
2021-08-04,0-19,jnj,28.0,
2021-08-04,0-19,mrna,1583.0,
2021-08-04,20-39,jnj,230.0,
2021-08-04,20-39,mrna,2248.0,
2021-08-04,40-64,jnj,215.0,
2021-08-04,40-64,mrna,1571.0,
2021-08-04,65+,jnj,47.0,
2021-08-04,65+,mrna,321.0,
2021-08-05,0-19,jnj,21.0,
2021-08-05,0-19,mrna,1623.0,
2021-08-05,20-39,jnj,249.0,
2021-08-05,20-39,mrna,2108.0,
2021-08-05,40-64,jnj,235.0,
2021-08-05,40-64,mrna,1559.0,
2021-08-05,65+,jnj,57.0,
2021-08-05,65+,mrna,338.0,
2021-08-06,0-19,jnj,32.0,
2021-08-06,0-19,mrna,1921.0,
2021-08-06,20-39,jnj,260.0,
2021-08-06,20-39,mrna,2964.0,
2021-08-06,40-64,jnj,269.0,
2021-08-06,40-64,mrna,2135.0,
2021-08-06,65+,jnj,45.0,
2021-08-06,65+,mrna,400.0,
2021-08-07,0-19,jnj,26.0,
2021-08-07,0-19,mrna,1395.0,
2021-08-07,20-39,jnj,172.0,
2021-08-07,20-39,mrna,2009.0,
2021-08-07,40-64,jnj,160.0,
2021-08-07,40-64,mrna,1332.0,
2021-08-07,65+,jnj,21.0,
2021-08-07,65+,mrna,216.0,
2021-08-08,0-19,jnj,8.0,
2021-08-08,0-19,mrna,841.0,
2021-08-08,20-39,jnj,86.0,
2021-08-08,20-39,mrna,1379.0,
2021-08-08,40-64,jnj,86.0,
2021-08-08,40-64,mrna,893.0,
2021-08-08,65+,jnj,15.0,
2021-08-08,65+,mrna,94.0,
2021-08-09,0-19,jnj,24.0,
2021-08-09,0-19,mrna,1891.0,
2021-08-09,20-39,jnj,226.0,
2021-08-09,20-39,mrna,2966.0,
2021-08-09,40-64,jnj,220.0,
2021-08-09,40-64,mrna,1912.0,
2021-08-09,65+,jnj,32.0,
2021-08-09,65+,mrna,385.0,
2021-08-10,0-19,jnj,22.0,
2021-08-10,0-19,mrna,1625.0,
2021-08-10,20-39,jnj,259.0,
2021-08-10,20-39,mrna,2169.0,
2021-08-10,40-64,jnj,240.0,
2021-08-10,40-64,mrna,1581.0,
2021-08-10,65+,jnj,42.0,
2021-08-10,65+,mrna,286.0,
2021-08-11,0-19,jnj,37.0,
2021-08-11,0-19,mrna,1597.0,
2021-08-11,20-39,jnj,312.0,
2021-08-11,20-39,mrna,2111.0,
2021-08-11,40-64,jnj,253.0,
2021-08-11,40-64,mrna,1459.0,
2021-08-11,65+,jnj,43.0,
2021-08-11,65+,mrna,261.0,
2021-08-12,0-19,jnj,45.0,
2021-08-12,0-19,mrna,1480.0,
2021-08-12,20-39,jnj,335.0,
2021-08-12,20-39,mrna,2277.0,
2021-08-12,40-64,jnj,286.0,
2021-08-12,40-64,mrna,1510.0,
2021-08-12,65+,jnj,62.0,
2021-08-12,65+,mrna,274.0,
2021-08-13,0-19,jnj,29.0,
2021-08-13,0-19,mrna,1677.0,
2021-08-13,20-39,jnj,278.0,
2021-08-13,20-39,mrna,2670.0,
2021-08-13,40-64,jnj,274.0,
2021-08-13,40-64,mrna,1872.0,
2021-08-13,65+,jnj,38.0,
2021-08-13,65+,mrna,338.0,
2021-08-14,0-19,jnj,20.0,
2021-08-14,0-19,mrna,1144.0,
2021-08-14,20-39,jnj,219.0,
2021-08-14,20-39,mrna,1729.0,
2021-08-14,40-64,jnj,230.0,
2021-08-14,40-64,mrna,1217.0,
2021-08-14,65+,jnj,30.0,
2021-08-14,65+,mrna,196.0,
2021-08-15,0-19,jnj,8.0,
2021-08-15,0-19,mrna,710.0,
2021-08-15,20-39,jnj,108.0,
2021-08-15,20-39,mrna,1196.0,
2021-08-15,40-64,jnj,85.0,
2021-08-15,40-64,mrna,736.0,
2021-08-15,65+,jnj,7.0,
2021-08-15,65+,mrna,121.0,
2021-08-16,0-19,jnj,26.0,
2021-08-16,0-19,mrna,1527.0,
2021-08-16,20-39,jnj,213.0,
2021-08-16,20-39,mrna,2862.0,
2021-08-16,40-64,jnj,208.0,
2021-08-16,40-64,mrna,1870.0,
2021-08-16,65+,jnj,40.0,
2021-08-16,65+,mrna,462.0,
2021-08-17,0-19,jnj,29.0,
2021-08-17,0-19,mrna,1183.0,
2021-08-17,20-39,jnj,287.0,
2021-08-17,20-39,mrna,2077.0,
2021-08-17,40-64,jnj,249.0,
2021-08-17,40-64,mrna,1352.0,
2021-08-17,65+,jnj,44.0,
2021-08-17,65+,mrna,374.0,
2021-08-18,0-19,jnj,37.0,
2021-08-18,0-19,mrna,939.0,
2021-08-18,20-39,jnj,341.0,
2021-08-18,20-39,mrna,2106.0,
2021-08-18,40-64,jnj,321.0,
2021-08-18,40-64,mrna,1357.0,
2021-08-18,65+,jnj,68.0,
2021-08-18,65+,mrna,391.0,
2021-08-19,0-19,jnj,45.0,
2021-08-19,0-19,mrna,1016.0,
2021-08-19,20-39,jnj,375.0,
2021-08-19,20-39,mrna,2103.0,
2021-08-19,40-64,jnj,331.0,
2021-08-19,40-64,mrna,1366.0,
2021-08-19,65+,jnj,33.0,
2021-08-19,65+,mrna,375.0,
2021-08-20,0-19,jnj,17.0,
2021-08-20,0-19,mrna,1175.0,
2021-08-20,20-39,jnj,340.0,
2021-08-20,20-39,mrna,2453.0,
2021-08-20,40-64,jnj,339.0,
2021-08-20,40-64,mrna,1743.0,
2021-08-20,65+,jnj,60.0,
2021-08-20,65+,mrna,408.0,
2021-08-21,0-19,jnj,15.0,
2021-08-21,0-19,mrna,1160.0,
2021-08-21,20-39,jnj,152.0,
2021-08-21,20-39,mrna,1501.0,
2021-08-21,40-64,jnj,135.0,
2021-08-21,40-64,mrna,1016.0,
2021-08-21,65+,jnj,16.0,
2021-08-21,65+,mrna,205.0,
2021-08-22,0-19,jnj,8.0,
2021-08-22,0-19,mrna,614.0,
2021-08-22,20-39,jnj,109.0,
2021-08-22,20-39,mrna,1150.0,
2021-08-22,40-64,jnj,90.0,
2021-08-22,40-64,mrna,696.0,
2021-08-22,65+,jnj,6.0,
2021-08-22,65+,mrna,104.0,
2021-08-23,0-19,jnj,19.0,
2021-08-23,0-19,mrna,1014.0,
2021-08-23,20-39,jnj,214.0,
2021-08-23,20-39,mrna,2849.0,
2021-08-23,40-64,jnj,157.0,
2021-08-23,40-64,mrna,1732.0,
2021-08-23,65+,jnj,36.0,
2021-08-23,65+,mrna,434.0,
2021-08-24,0-19,jnj,10.0,
2021-08-24,0-19,mrna,794.0,
2021-08-24,20-39,jnj,265.0,
2021-08-24,20-39,mrna,2334.0,
2021-08-24,40-64,jnj,198.0,
2021-08-24,40-64,mrna,1446.0,
2021-08-24,65+,jnj,39.0,
2021-08-24,65+,mrna,391.0,
2021-08-25,0-19,jnj,21.0,
2021-08-25,0-19,mrna,742.0,
2021-08-25,20-39,jnj,269.0,
2021-08-25,20-39,mrna,2195.0,
2021-08-25,40-64,jnj,313.0,
2021-08-25,40-64,mrna,1381.0,
2021-08-25,65+,jnj,69.0,
2021-08-25,65+,mrna,385.0,
2021-08-26,0-19,jnj,19.0,
2021-08-26,0-19,mrna,830.0,
2021-08-26,20-39,jnj,278.0,
2021-08-26,20-39,mrna,2072.0,
2021-08-26,40-64,jnj,291.0,
2021-08-26,40-64,mrna,1292.0,
2021-08-26,65+,jnj,45.0,
2021-08-26,65+,mrna,339.0,
2021-08-27,0-19,jnj,11.0,
2021-08-27,0-19,mrna,1044.0,
2021-08-27,20-39,jnj,230.0,
2021-08-27,20-39,mrna,2509.0,
2021-08-27,40-64,jnj,263.0,
2021-08-27,40-64,mrna,1695.0,
2021-08-27,65+,jnj,38.0,
2021-08-27,65+,mrna,388.0,
2021-08-28,0-19,jnj,6.0,
2021-08-28,0-19,mrna,857.0,
2021-08-28,20-39,jnj,114.0,
2021-08-28,20-39,mrna,1568.0,
2021-08-28,40-64,jnj,125.0,
2021-08-28,40-64,mrna,1056.0,
2021-08-28,65+,jnj,13.0,
2021-08-28,65+,mrna,208.0,
2021-08-29,0-19,jnj,10.0,
2021-08-29,0-19,mrna,541.0,
2021-08-29,20-39,jnj,84.0,
2021-08-29,20-39,mrna,1273.0,
2021-08-29,40-64,jnj,67.0,
2021-08-29,40-64,mrna,708.0,
2021-08-29,65+,jnj,4.0,
2021-08-29,65+,mrna,126.0,
2021-08-30,0-19,jnj,8.0,
2021-08-30,0-19,mrna,1028.0,
2021-08-30,20-39,jnj,198.0,
2021-08-30,20-39,mrna,2811.0,
2021-08-30,40-64,jnj,192.0,
2021-08-30,40-64,mrna,1587.0,
2021-08-30,65+,jnj,36.0,
2021-08-30,65+,mrna,434.0,
2021-08-31,0-19,jnj,11.0,
2021-08-31,0-19,mrna,741.0,
2021-08-31,20-39,jnj,192.0,
2021-08-31,20-39,mrna,2093.0,
2021-08-31,40-64,jnj,187.0,
2021-08-31,40-64,mrna,1265.0,
2021-08-31,65+,jnj,44.0,
2021-08-31,65+,mrna,331.0,
2021-09-01,0-19,jnj,10.0,
2021-09-01,0-19,mrna,658.0,
2021-09-01,20-39,jnj,217.0,
2021-09-01,20-39,mrna,2036.0,
2021-09-01,40-64,jnj,199.0,
2021-09-01,40-64,mrna,1241.0,
2021-09-01,65+,jnj,27.0,
2021-09-01,65+,mrna,320.0,
2021-09-02,0-19,jnj,12.0,
2021-09-02,0-19,mrna,730.0,
2021-09-02,20-39,jnj,227.0,
2021-09-02,20-39,mrna,1852.0,
2021-09-02,40-64,jnj,216.0,
2021-09-02,40-64,mrna,1159.0,
2021-09-02,65+,jnj,29.0,
2021-09-02,65+,mrna,326.0,
2021-09-03,0-19,jnj,23.0,
2021-09-03,0-19,mrna,1160.0,
2021-09-03,20-39,jnj,251.0,
2021-09-03,20-39,mrna,2356.0,
2021-09-03,40-64,jnj,241.0,
2021-09-03,40-64,mrna,1559.0,
2021-09-03,65+,jnj,34.0,
2021-09-03,65+,mrna,400.0,
2021-09-04,0-19,jnj,11.0,
2021-09-04,0-19,mrna,690.0,
2021-09-04,20-39,jnj,97.0,
2021-09-04,20-39,mrna,1204.0,
2021-09-04,40-64,jnj,102.0,
2021-09-04,40-64,mrna,756.0,
2021-09-04,65+,jnj,17.0,
2021-09-04,65+,mrna,157.0,
2021-09-05,0-19,jnj,5.0,
2021-09-05,0-19,mrna,469.0,
2021-09-05,20-39,jnj,58.0,
2021-09-05,20-39,mrna,1064.0,
2021-09-05,40-64,jnj,53.0,
2021-09-05,40-64,mrna,562.0,
2021-09-05,65+,jnj,3.0,
2021-09-05,65+,mrna,122.0,
2021-09-06,0-19,jnj,1.0,
2021-09-06,0-19,mrna,311.0,
2021-09-06,20-39,jnj,43.0,
2021-09-06,20-39,mrna,939.0,
2021-09-06,40-64,jnj,36.0,
2021-09-06,40-64,mrna,544.0,
2021-09-06,65+,jnj,1.0,
2021-09-06,65+,mrna,102.0,
2021-09-07,0-19,jnj,10.0,
2021-09-07,0-19,mrna,585.0,
2021-09-07,20-39,jnj,223.0,
2021-09-07,20-39,mrna,1802.0,
2021-09-07,40-64,jnj,207.0,
2021-09-07,40-64,mrna,1113.0,
2021-09-07,65+,jnj,37.0,
2021-09-07,65+,mrna,295.0,
2021-09-08,0-19,jnj,11.0,
2021-09-08,0-19,mrna,618.0,
2021-09-08,20-39,jnj,217.0,
2021-09-08,20-39,mrna,1811.0,
2021-09-08,40-64,jnj,196.0,
2021-09-08,40-64,mrna,1087.0,
2021-09-08,65+,jnj,46.0,
2021-09-08,65+,mrna,321.0,
2021-09-09,0-19,jnj,16.0,
2021-09-09,0-19,mrna,784.0,
2021-09-09,20-39,jnj,268.0,
2021-09-09,20-39,mrna,1874.0,
2021-09-09,40-64,jnj,214.0,
2021-09-09,40-64,mrna,1132.0,
2021-09-09,65+,jnj,39.0,
2021-09-09,65+,mrna,328.0,
2021-09-10,0-19,jnj,13.0,
2021-09-10,0-19,mrna,901.0,
2021-09-10,20-39,jnj,222.0,
2021-09-10,20-39,mrna,2493.0,
2021-09-10,40-64,jnj,242.0,
2021-09-10,40-64,mrna,1524.0,
2021-09-10,65+,jnj,35.0,
2021-09-10,65+,mrna,319.0,
2021-09-11,0-19,jnj,7.0,
2021-09-11,0-19,mrna,598.0,
2021-09-11,20-39,jnj,104.0,
2021-09-11,20-39,mrna,1316.0,
2021-09-11,40-64,jnj,130.0,
2021-09-11,40-64,mrna,798.0,
2021-09-11,65+,jnj,16.0,
2021-09-11,65+,mrna,205.0,
2021-09-12,0-19,jnj,4.0,
2021-09-12,0-19,mrna,363.0,
2021-09-12,20-39,jnj,67.0,
2021-09-12,20-39,mrna,884.0,
2021-09-12,40-64,jnj,43.0,
2021-09-12,40-64,mrna,500.0,
2021-09-12,65+,jnj,3.0,
2021-09-12,65+,mrna,74.0,
2021-09-13,0-19,jnj,5.0,
2021-09-13,0-19,mrna,645.0,
2021-09-13,20-39,jnj,164.0,
2021-09-13,20-39,mrna,2300.0,
2021-09-13,40-64,jnj,153.0,
2021-09-13,40-64,mrna,1330.0,
2021-09-13,65+,jnj,28.0,
2021-09-13,65+,mrna,304.0,
2021-09-14,0-19,jnj,10.0,
2021-09-14,0-19,mrna,505.0,
2021-09-14,20-39,jnj,218.0,
2021-09-14,20-39,mrna,1638.0,
2021-09-14,40-64,jnj,179.0,
2021-09-14,40-64,mrna,954.0,
2021-09-14,65+,jnj,20.0,
2021-09-14,65+,mrna,242.0,
2021-09-15,0-19,jnj,11.0,
2021-09-15,0-19,mrna,522.0,
2021-09-15,20-39,jnj,155.0,
2021-09-15,20-39,mrna,1607.0,
2021-09-15,40-64,jnj,149.0,
2021-09-15,40-64,mrna,974.0,
2021-09-15,65+,jnj,28.0,
2021-09-15,65+,mrna,259.0,
2021-09-16,0-19,jnj,5.0,
2021-09-16,0-19,mrna,515.0,
2021-09-16,20-39,jnj,195.0,
2021-09-16,20-39,mrna,1457.0,
2021-09-16,40-64,jnj,176.0,
2021-09-16,40-64,mrna,877.0,
2021-09-16,65+,jnj,38.0,
2021-09-16,65+,mrna,250.0,
2021-09-17,0-19,jnj,15.0,
2021-09-17,0-19,mrna,708.0,
2021-09-17,20-39,jnj,177.0,
2021-09-17,20-39,mrna,1861.0,
2021-09-17,40-64,jnj,197.0,
2021-09-17,40-64,mrna,1188.0,
2021-09-17,65+,jnj,34.0,
2021-09-17,65+,mrna,274.0,
2021-09-18,0-19,jnj,3.0,
2021-09-18,0-19,mrna,398.0,
2021-09-18,20-39,jnj,32.0,
2021-09-18,20-39,mrna,1036.0,
2021-09-18,40-64,jnj,33.0,
2021-09-18,40-64,mrna,578.0,
2021-09-18,65+,jnj,6.0,
2021-09-18,65+,mrna,195.0,
2021-09-19,0-19,jnj,3.0,
2021-09-19,0-19,mrna,244.0,
2021-09-19,20-39,jnj,21.0,
2021-09-19,20-39,mrna,682.0,
2021-09-19,40-64,jnj,7.0,
2021-09-19,40-64,mrna,333.0,
2021-09-19,65+,jnj,3.0,
2021-09-19,65+,mrna,51.0,
2021-09-20,0-19,jnj,11.0,
2021-09-20,0-19,mrna,457.0,
2021-09-20,20-39,jnj,166.0,
2021-09-20,20-39,mrna,1609.0,
2021-09-20,40-64,jnj,153.0,
2021-09-20,40-64,mrna,937.0,
2021-09-20,65+,jnj,25.0,
2021-09-20,65+,mrna,246.0,
2021-09-21,0-19,jnj,0.0,
2021-09-21,0-19,mrna,317.0,
2021-09-21,20-39,jnj,106.0,
2021-09-21,20-39,mrna,1266.0,
2021-09-21,40-64,jnj,101.0,
2021-09-21,40-64,mrna,713.0,
2021-09-21,65+,jnj,16.0,
2021-09-21,65+,mrna,216.0,
2021-09-22,0-19,jnj,4.0,
2021-09-22,0-19,mrna,201.0,
2021-09-22,20-39,jnj,66.0,
2021-09-22,20-39,mrna,507.0,
2021-09-22,40-64,jnj,48.0,
2021-09-22,40-64,mrna,367.0,
2021-09-22,65+,jnj,9.0,
2021-09-22,65+,mrna,131.0,
2021-09-23,0-19,jnj,0.0,True
2021-09-23,0-19,mrna,589.103759999969,True
2021-09-23,20-39,jnj,0.0,True
2021-09-23,20-39,mrna,735.843600000022,True
2021-09-23,40-64,jnj,0.0,True
2021-09-23,40-64,mrna,806.373900000006,True
2021-09-23,65+,jnj,0.0,True
2021-09-23,65+,mrna,312.1140000000596,True
2021-09-24,0-19,jnj,0.0,True
2021-09-24,0-19,mrna,571.4306471999735,True
2021-09-24,20-39,jnj,0.0,True
2021-09-24,20-39,mrna,713.7682920000516,True
2021-09-24,40-64,jnj,0.0,True
2021-09-24,40-64,mrna,782.1826829999918,True
2021-09-24,65+,jnj,0.0,True
2021-09-24,65+,mrna,302.7505799999926,True
2021-09-25,0-19,jnj,0.0,True
2021-09-25,0-19,mrna,554.2877277840162,True
2021-09-25,20-39,jnj,0.0,True
2021-09-25,20-39,mrna,692.3552432400174,True
2021-09-25,40-64,jnj,0.0,True
2021-09-25,40-64,mrna,758.7172025099862,True
2021-09-25,65+,jnj,0.0,True
2021-09-25,65+,mrna,293.6680625999579,True
2021-09-26,0-19,jnj,0.0,True
2021-09-26,0-19,mrna,537.6590959504247,True
2021-09-26,20-39,jnj,0.0,True
2021-09-26,20-39,mrna,671.5845859427936,True
2021-09-26,40-64,jnj,0.0,True
2021-09-26,40-64,mrna,735.9556864347542,True
2021-09-26,65+,jnj,0.0,True
2021-09-26,65+,mrna,284.85802072205115,True
2021-09-27,0-19,jnj,0.0,True
2021-09-27,0-19,mrna,521.5293230719399,True
2021-09-27,20-39,jnj,0.0,True
2021-09-27,20-39,mrna,651.4370483645471,True
2021-09-27,40-64,jnj,0.0,True
2021-09-27,40-64,mrna,713.8770158416592,True
2021-09-27,65+,jnj,0.0,True
2021-09-27,65+,mrna,276.31228010030463,True
2021-09-28,0-19,jnj,0.0,True
2021-09-28,0-19,mrna,505.8834433797747,True
2021-09-28,20-39,jnj,0.0,True
2021-09-28,20-39,mrna,631.8939369135769,True
2021-09-28,40-64,jnj,0.0,True
2021-09-28,40-64,mrna,692.4607053664513,True
2021-09-28,65+,jnj,0.0,True
2021-09-28,65+,mrna,268.02291169727687,True
2021-09-29,0-19,jnj,0.0,True
2021-09-29,0-19,mrna,490.7069400784094,True
2021-09-29,20-39,jnj,0.0,True
2021-09-29,20-39,mrna,612.9371188061778,True
2021-09-29,40-64,jnj,0.0,True
2021-09-29,40-64,mrna,671.6868842054391,True
2021-09-29,65+,jnj,0.0,True
2021-09-29,65+,mrna,259.98222434637137,True
2021-09-30,0-19,jnj,0.0,True
2021-09-30,0-19,mrna,475.985731876106,True
2021-09-30,20-39,jnj,0.0,True
2021-09-30,20-39,mrna,594.5490052419482,True
2021-09-30,40-64,jnj,0.0,True
2021-09-30,40-64,mrna,651.5362776792608,True
2021-09-30,65+,jnj,0.0,True
2021-09-30,65+,mrna,252.1827576160431,True
2021-10-01,0-19,jnj,0.0,True
2021-10-01,0-19,mrna,461.7061599197332,True
2021-10-01,20-39,jnj,0.0,True
2021-10-01,20-39,mrna,576.7125350846909,True
2021-10-01,40-64,jnj,0.0,True
2021-10-01,40-64,mrna,631.9901893489296,True
2021-10-01,65+,jnj,0.0,True
2021-10-01,65+,mrna,244.61727488751058,True
2021-10-02,0-19,jnj,0.0,True
2021-10-02,0-19,mrna,447.8549751221435,True
2021-10-02,20-39,jnj,0.0,True
2021-10-02,20-39,mrna,559.4111590321409,True
2021-10-02,40-64,jnj,0.0,True
2021-10-02,40-64,mrna,613.0304836684372,True
2021-10-02,65+,jnj,0.0,True
2021-10-02,65+,mrna,237.2787566409679,True
2021-10-03,0-19,jnj,0.0,True
2021-10-03,0-19,mrna,434.4193258684827,True
2021-10-03,20-39,jnj,0.0,True
2021-10-03,20-39,mrna,542.62882426125,True
2021-10-03,40-64,jnj,0.0,True
2021-10-03,40-64,mrna,594.6395691583166,True
2021-10-03,65+,jnj,0.0,True
2021-10-03,65+,mrna,230.16039394168183,True
2021-10-04,0-19,jnj,0.0,True
2021-10-04,0-19,mrna,421.38674609246664,True
2021-10-04,20-39,jnj,0.0,True
2021-10-04,20-39,mrna,526.3499595334288,True
2021-10-04,40-64,jnj,0.0,True
2021-10-04,40-64,mrna,576.8003820836311,True
2021-10-04,65+,jnj,0.0,True
2021-10-04,65+,mrna,223.25558212341275,True
2021-10-05,0-19,jnj,0.0,True
2021-10-05,0-19,mrna,408.7451437097043,True
2021-10-05,20-39,jnj,0.0,True
2021-10-05,20-39,mrna,510.55946074740496,True
2021-10-05,40-64,jnj,0.0,True
2021-10-05,40-64,mrna,559.496370621142,True
2021-10-05,65+,jnj,0.0,True
2021-10-05,65+,mrna,216.55791465973016,True
2021-10-06,0-19,jnj,0.0,True
2021-10-06,0-19,mrna,396.48278939840384,True
2021-10-06,20-39,jnj,0.0,True
2021-10-06,20-39,mrna,495.2426769249141,True
2021-10-06,40-64,jnj,0.0,True
2021-10-06,40-64,mrna,542.7114795024972,True
2021-10-06,65+,jnj,0.0,True
2021-10-06,65+,mrna,210.0611772199627,True
2021-10-07,0-19,jnj,0.0,True
2021-10-07,0-19,mrna,384.58830571640283,True
2021-10-07,20-39,jnj,0.0,True
2021-10-07,20-39,mrna,480.3853966172319,True
2021-10-07,40-64,jnj,0.0,True
2021-10-07,40-64,mrna,526.4301351173781,True
2021-10-07,65+,jnj,0.0,True
2021-10-07,65+,mrna,203.75934190338012,True
2021-10-08,0-19,jnj,0.0,True
2021-10-08,0-19,mrna,373.05065654497594,True
2021-10-08,20-39,jnj,0.0,True
2021-10-08,20-39,mrna,465.973834718694,True
2021-10-08,40-64,jnj,0.0,True
2021-10-08,40-64,mrna,510.6372310639126,True
2021-10-08,65+,jnj,0.0,True
2021-10-08,65+,mrna,197.64656164625194,True
2021-10-09,0-19,jnj,0.0,True
2021-10-09,0-19,mrna,361.85913684859406,True
2021-10-09,20-39,jnj,0.0,True
2021-10-09,20-39,mrna,451.9946196770761,True
2021-10-09,40-64,jnj,0.0,True
2021-10-09,40-64,mrna,495.3181141319219,True
2021-10-09,65+,jnj,0.0,True
2021-10-09,65+,mrna,191.71716479689348,True
2021-10-10,0-19,jnj,0.0,True
2021-10-10,0-19,mrna,351.00336274318397,True
2021-10-10,20-39,jnj,0.0,True
2021-10-10,20-39,mrna,438.43478108686395,True
2021-10-10,40-64,jnj,0.0,True
2021-10-10,40-64,mrna,480.45857070805505,True
2021-10-10,65+,jnj,0.0,True
2021-10-10,65+,mrna,185.96564985299483,True
2021-10-11,0-19,jnj,0.0,True
2021-10-11,0-19,mrna,340.47326186089776,True
2021-10-11,20-39,jnj,0.0,True
2021-10-11,20-39,mrna,425.2817376542371,True
2021-10-11,40-64,jnj,0.0,True
2021-10-11,40-64,mrna,466.0448135867482,True
2021-10-11,65+,jnj,0.0,True
2021-10-11,65+,mrna,180.38668035739101,True
2021-10-12,0-19,jnj,0.0,True
2021-10-12,0-19,mrna,330.25906400498934,True
2021-10-12,20-39,jnj,0.0,True
2021-10-12,20-39,mrna,412.5232855245704,True
2021-10-12,40-64,jnj,0.0,True
2021-10-12,40-64,mrna,452.06346917920746,True
2021-10-12,65+,jnj,0.0,True
2021-10-12,65+,mrna,174.97507994668558,True
2021-10-13,0-19,jnj,0.0,True
2021-10-13,0-19,mrna,320.3512920849025,True
2021-10-13,20-39,jnj,0.0,True
2021-10-13,20-39,mrna,400.1475869588321,True
2021-10-13,40-64,jnj,0.0,True
2021-10-13,40-64,mrna,438.50156510376837,True
2021-10-13,65+,jnj,0.0,True
2021-10-13,65+,mrna,169.72582754818723,True
2021-10-14,0-19,jnj,0.0,True
2021-10-14,0-19,mrna,310.7407533223741,True
2021-10-14,20-39,jnj,0.0,True
2021-10-14,20-39,mrna,388.14315935003106,True
2021-10-14,40-64,jnj,0.0,True
2021-10-14,40-64,mrna,425.34651815064717,True
2021-10-14,65+,jnj,0.0,True
2021-10-14,65+,mrna,164.63405272178352,True
2021-10-15,0-19,jnj,0.0,True
2021-10-15,0-19,mrna,301.4185307226144,True
2021-10-15,20-39,jnj,0.0,True
2021-10-15,20-39,mrna,376.49886456958484,True
2021-10-15,40-64,jnj,0.0,True
2021-10-15,40-64,mrna,412.58612260618247,True
2021-10-15,65+,jnj,0.0,True
2021-10-15,65+,mrna,159.69503114011604,True
2021-10-16,0-19,jnj,0.0,True
2021-10-16,0-19,mrna,292.37597480101977,True
2021-10-16,20-39,jnj,0.0,True
2021-10-16,20-39,mrna,365.20389863243327,True
2021-10-16,40-64,jnj,0.0,True
2021-10-16,40-64,mrna,400.20853892795276,True
2021-10-16,65+,jnj,0.0,True
2021-10-16,65+,mrna,154.90418020589277,True
2021-10-17,0-19,jnj,0.0,True
2021-10-17,0-19,mrna,283.60469555691816,True
2021-10-17,20-39,jnj,0.0,True
2021-10-17,20-39,mrna,354.2477816735627,True
2021-10-17,40-64,jnj,0.0,True
2021-10-17,40-64,mrna,388.2022827601759,True
2021-10-17,65+,jnj,0.0,True
2021-10-17,65+,mrna,150.25705479970202,True
2021-10-18,0-19,jnj,0.0,True
2021-10-18,0-19,mrna,275.0965546902735,True
2021-10-18,20-39,jnj,0.0,True
2021-10-18,20-39,mrna,343.6203482232522,True
2021-10-18,40-64,jnj,0.0,True
2021-10-18,40-64,mrna,376.5562142772833,True
2021-10-18,65+,jnj,0.0,True
2021-10-18,65+,mrna,145.74934315576684,True
2021-10-19,0-19,jnj,0.0,True
2021-10-19,0-19,mrna,266.8436580495909,True
2021-10-19,20-39,jnj,0.0,True
2021-10-19,20-39,mrna,333.3117377766175,True
2021-10-19,40-64,jnj,0.0,True
2021-10-19,40-64,mrna,365.2595278490335,True
2021-10-19,65+,jnj,0.0,True
2021-10-19,65+,mrna,141.37686286109965,True
2021-10-20,0-19,jnj,0.0,True
2021-10-20,0-19,mrna,258.83834830799606,True
2021-10-20,20-39,jnj,0.0,True
2021-10-20,20-39,mrna,323.3123856433667,True
2021-10-20,40-64,jnj,0.0,True
2021-10-20,40-64,mrna,354.30174201354384,True
2021-10-20,65+,jnj,0.0,True
2021-10-20,65+,mrna,137.13555697526317,True
2021-10-21,0-19,jnj,0.0,True
2021-10-21,0-19,mrna,251.07319785875734,True
2021-10-21,20-39,jnj,0.0,True
2021-10-21,20-39,mrna,313.61301407404244,True
2021-10-21,40-64,jnj,0.0,True
2021-10-21,40-64,mrna,343.6726897531189,True
2021-10-21,65+,jnj,0.0,True
2021-10-21,65+,mrna,133.02149026596453,True
2021-10-22,0-19,jnj,0.0,True
2021-10-22,0-19,mrna,243.54100192303304,True
2021-10-22,20-39,jnj,0.0,True
2021-10-22,20-39,mrna,304.2046236518072,True
2021-10-22,40-64,jnj,0.0,True
2021-10-22,40-64,mrna,333.36250906053465,True
2021-10-22,65+,jnj,0.0,True
2021-10-22,65+,mrna,129.03084555803798,True
2021-10-23,0-19,jnj,0.0,True
2021-10-23,0-19,mrna,236.23477186530363,True
2021-10-23,20-39,jnj,0.0,True
2021-10-23,20-39,mrna,295.07848494220525,True
2021-10-23,40-64,jnj,0.0,True
2021-10-23,40-64,mrna,323.36163378867786,True
2021-10-23,65+,jnj,0.0,True
2021-10-23,65+,mrna,125.15992019127589,True
2021-10-24,0-19,jnj,0.0,True
2021-10-24,0-19,mrna,229.1477287093876,True
2021-10-24,20-39,jnj,0.0,True
2021-10-24,20-39,mrna,286.2261303940322,True
2021-10-24,40-64,jnj,0.0,True
2021-10-24,40-64,mrna,313.660784775042,True
2021-10-24,65+,jnj,0.0,True
2021-10-24,65+,mrna,121.40512258559465,True
2021-10-25,0-19,jnj,0.0,True
2021-10-25,0-19,mrna,222.27329684817232,True
2021-10-25,20-39,jnj,0.0,True
2021-10-25,20-39,mrna,277.6393464821158,True
2021-10-25,40-64,jnj,0.0,True
2021-10-25,40-64,mrna,304.25096123176627,True
2021-10-25,65+,jnj,0.0,True
2021-10-25,65+,mrna,117.76296890794765,True
2021-10-26,0-19,jnj,0.0,True
2021-10-26,0-19,mrna,215.60509794263635,True
2021-10-26,20-39,jnj,0.0,True
2021-10-26,20-39,mrna,269.31016608770005,True
2021-10-26,40-64,jnj,0.0,True
2021-10-26,40-64,mrna,295.1234323948156,True
2021-10-26,65+,jnj,0.0,True
2021-10-26,65+,mrna,114.2300798407523,True
2021-10-27,0-19,jnj,0.0,True
2021-10-27,0-19,mrna,209.13694500434212,True
2021-10-27,20-39,jnj,0.0,True
2021-10-27,20-39,mrna,261.2308611050248,True
2021-10-27,40-64,jnj,0.0,True
2021-10-27,40-64,mrna,286.26972942298744,True
2021-10-27,65+,jnj,0.0,True
2021-10-27,65+,mrna,110.80317744554486,True
2021-10-28,0-19,jnj,0.0,True
2021-10-28,0-19,mrna,202.862836654298,True
2021-10-28,20-39,jnj,0.0,True
2021-10-28,20-39,mrna,253.39393527188804,True
2021-10-28,40-64,jnj,0.0,True
2021-10-28,40-64,mrna,277.6816375403432,True
2021-10-28,65+,jnj,0.0,True
2021-10-28,65+,mrna,107.47908212209586,True
2021-10-29,0-19,jnj,0.0,True
2021-10-29,0-19,mrna,196.7769515545806,True
2021-10-29,20-39,jnj,0.0,True
2021-10-29,20-39,mrna,245.79211721371394,True
2021-10-29,40-64,jnj,0.0,True
2021-10-29,40-64,mrna,269.35118841414806,True
2021-10-29,65+,jnj,0.0,True
2021-10-29,65+,mrna,104.25470965844579,True
2021-10-30,0-19,jnj,0.0,True
2021-10-30,0-19,mrna,190.87364300794434,True
2021-10-30,20-39,jnj,0.0,True
2021-10-30,20-39,mrna,238.41835369740147,True
2021-10-30,40-64,jnj,0.0,True
2021-10-30,40-64,mrna,261.27065276168287,True
2021-10-30,65+,jnj,0.0,True
2021-10-30,65+,mrna,101.12706836871803,True
2021-10-31,0-19,jnj,0.0,True
2021-10-31,0-19,mrna,185.1474337177351,True
2021-10-31,20-39,jnj,0.0,True
2021-10-31,20-39,mrna,231.26580308645498,True
2021-10-31,40-64,jnj,0.0,True
2021-10-31,40-64,mrna,253.43253317882773,True
2021-10-31,65+,jnj,0.0,True
2021-10-31,65+,mrna,98.09325631766114,True
2021-11-01,0-19,jnj,0.0,True
2021-11-01,0-19,mrna,179.59301070624497,True
2021-11-01,20-39,jnj,0.0,True
2021-11-01,20-39,mrna,224.327828993788,True
2021-11-01,40-64,jnj,0.0,True
2021-11-01,40-64,mrna,245.82955718343146,True
2021-11-01,65+,jnj,0.0,True
2021-11-01,65+,mrna,95.15045862819534,True
2021-11-02,0-19,jnj,0.0,True
2021-11-02,0-19,mrna,174.20522038498893,True
2021-11-02,20-39,jnj,0.0,True
2021-11-02,20-39,mrna,217.59799412405118,True
2021-11-02,40-64,jnj,0.0,True
2021-11-02,40-64,mrna,238.45467046799604,True
2021-11-02,65+,jnj,0.0,True
2021-11-02,65+,mrna,92.29594486928545,True
2021-11-03,0-19,jnj,0.0,True
2021-11-03,0-19,mrna,168.97906377352774,True
2021-11-03,20-39,jnj,0.0,True
2021-11-03,20-39,mrna,211.07005430024583,True
2021-11-03,40-64,jnj,0.0,True
2021-11-03,40-64,mrna,231.30103035387583,True
2021-11-03,65+,jnj,0.0,True
2021-11-03,65+,mrna,89.52706652320921,True
2021-11-04,0-19,jnj,0.0,True
2021-11-04,0-19,mrna,163.90969186031725,True
2021-11-04,20-39,jnj,0.0,True
2021-11-04,20-39,mrna,204.7379526712466,True
2021-11-04,40-64,jnj,0.0,True
2021-11-04,40-64,mrna,224.36199944326654,True
2021-11-04,65+,jnj,0.0,True
2021-11-04,65+,mrna,86.84125452756416,True
2021-11-05,0-19,jnj,0.0,True
2021-11-05,0-19,mrna,158.99240110442042,True
2021-11-05,20-39,jnj,0.0,True
2021-11-05,20-39,mrna,198.59581409115344,True
2021-11-05,40-64,jnj,0.0,True
2021-11-05,40-64,mrna,217.63113946001977,True
2021-11-05,65+,jnj,0.0,True
2021-11-05,65+,mrna,84.2360168916639,True
2021-11-06,0-19,jnj,0.0,True
2021-11-06,0-19,mrna,154.22262907132972,True
2021-11-06,20-39,jnj,0.0,True
2021-11-06,20-39,mrna,192.63793966837693,True
2021-11-06,40-64,jnj,0.0,True
2021-11-06,40-64,mrna,211.10220527625643,True
2021-11-06,65+,jnj,0.0,True
2021-11-06,65+,mrna,81.70893638499547,True
2021-11-07,0-19,jnj,0.0,True
2021-11-07,0-19,mrna,149.5959501991747,True
2021-11-07,20-39,jnj,0.0,True
2021-11-07,20-39,mrna,186.85880147840362,True
2021-11-07,40-64,jnj,0.0,True
2021-11-07,40-64,mrna,204.76913911791053,True
2021-11-07,65+,jnj,0.0,True
2021-11-07,65+,mrna,79.25766829343047,True
2021-11-08,0-19,jnj,0.0,True
2021-11-08,0-19,mrna,145.10807169321924,True
2021-11-08,20-39,jnj,0.0,True
2021-11-08,20-39,mrna,181.2530374339549,True
2021-11-08,40-64,jnj,0.0,True
2021-11-08,40-64,mrna,198.62606494443025,True
2021-11-08,65+,jnj,0.0,True
2021-11-08,65+,mrna,76.87993824458681,True
2021-11-09,0-19,jnj,0.0,True
2021-11-09,0-19,mrna,140.75482954247855,True
2021-11-09,20-39,jnj,0.0,True
2021-11-09,20-39,mrna,175.81544631102588,True
2021-11-09,40-64,jnj,0.0,True
2021-11-09,40-64,mrna,192.66728299600072,True
2021-11-09,65+,jnj,0.0,True
2021-11-09,65+,mrna,74.57354009721894,True
2021-11-10,0-19,jnj,0.0,True
2021-11-10,0-19,mrna,136.53218465612736,True
2021-11-10,20-39,jnj,0.0,True
2021-11-10,20-39,mrna,170.5409829216078,True
2021-11-10,40-64,jnj,0.0,True
2021-11-10,40-64,mrna,186.88726450619288,True
2021-11-10,65+,jnj,0.0,True
2021-11-10,65+,mrna,72.33633389428724,True
2021-11-11,0-19,jnj,0.0,True
2021-11-11,0-19,mrna,132.43621911644004,True
2021-11-11,20-39,jnj,0.0,True
2021-11-11,20-39,mrna,165.42475343402475,True
2021-11-11,40-64,jnj,0.0,True
2021-11-11,40-64,mrna,181.2806465709582,True
2021-11-11,65+,jnj,0.0,True
2021-11-11,65+,mrna,70.16624387749471,True
2021-11-12,0-19,jnj,0.0,True
2021-11-12,0-19,mrna,128.46313254302368,True
2021-11-12,20-39,jnj,0.0,True
2021-11-12,20-39,mrna,160.46201083099004,True
2021-11-12,40-64,jnj,0.0,True
2021-11-12,40-64,mrna,175.84222717385273,True
2021-11-12,65+,jnj,0.0,True
2021-11-12,65+,mrna,68.06125656119548,True
2021-11-13,0-19,jnj,0.0,True
2021-11-13,0-19,mrna,124.60923856671434,True
2021-11-13,20-39,jnj,0.0,True
2021-11-13,20-39,mrna,155.64815050608013,True
2021-11-13,40-64,jnj,0.0,True
2021-11-13,40-64,mrna,170.56696035864297,True
2021-11-13,65+,jnj,0.0,True
2021-11-13,65+,mrna,66.01941886439454,True
2021-11-14,0-19,jnj,0.0,True
2021-11-14,0-19,mrna,120.87096140964422,True
2021-11-14,20-39,jnj,0.0,True
2021-11-14,20-39,mrna,150.9787059908267,True
2021-11-14,40-64,jnj,0.0,True
2021-11-14,40-64,mrna,165.4499515478965,True
2021-11-14,65+,jnj,0.0,True
2021-11-14,65+,mrna,64.03883629839402,True
2021-11-15,0-19,jnj,0.0,True
2021-11-15,0-19,mrna,117.24483256740496,True
2021-11-15,20-39,jnj,0.0,True
2021-11-15,20-39,mrna,146.44934481114615,True
2021-11-15,40-64,jnj,0.0,True
2021-11-15,40-64,mrna,160.48645300138742,True
2021-11-15,65+,jnj,0.0,True
2021-11-15,65+,mrna,62.1176712095039,True
2021-11-16,0-19,jnj,0.0,True
2021-11-16,0-19,mrna,113.72748759039678,True
2021-11-16,20-39,jnj,0.0,True
2021-11-16,20-39,mrna,142.0558644668199,True
2021-11-16,40-64,jnj,0.0,True
2021-11-16,40-64,mrna,155.67185941140633,True
2021-11-16,65+,jnj,0.0,True
2021-11-16,65+,mrna,60.2541410732083,True
2021-11-17,0-19,jnj,0.0,True
2021-11-17,0-19,mrna,110.31566296261735,True
2021-11-17,20-39,jnj,0.0,True
2021-11-17,20-39,mrna,137.79418853274547,True
2021-11-17,40-64,jnj,0.0,True
2021-11-17,40-64,mrna,151.00170362903737,True
2021-11-17,65+,jnj,0.0,True
2021-11-17,65+,mrna,58.44651684095152,True
2021-11-18,0-19,jnj,0.0,True
2021-11-18,0-19,mrna,107.00619307381567,True
2021-11-18,20-39,jnj,0.0,True
2021-11-18,20-39,mrna,133.66036287683528,True
2021-11-18,40-64,jnj,0.0,True
2021-11-18,40-64,mrna,146.47165252023842,True
2021-11-18,65+,jnj,0.0,True
2021-11-18,65+,mrna,56.69312133570202,True
2021-11-19,0-19,jnj,0.0,True
2021-11-19,0-19,mrna,103.79600728151854,True
2021-11-19,20-39,jnj,0.0,True
2021-11-19,20-39,mrna,129.65055199048948,True
2021-11-19,40-64,jnj,0.0,True
2021-11-19,40-64,mrna,142.07750294462312,True
2021-11-19,65+,jnj,0.0,True
2021-11-19,65+,mrna,54.99232769571245,True
2021-11-20,0-19,jnj,0.0,True
2021-11-20,0-19,mrna,100.68212706316262,True
2021-11-20,20-39,jnj,0.0,True
2021-11-20,20-39,mrna,125.76103543082718,True
2021-11-20,40-64,jnj,0.0,True
2021-11-20,40-64,mrna,137.815177856246,True
2021-11-20,65+,jnj,0.0,True
2021-11-20,65+,mrna,53.34255786484573,True
2021-11-21,0-19,jnj,0.0,True
2021-11-21,0-19,mrna,97.6616632512305,True
2021-11-21,20-39,jnj,0.0,True
2021-11-21,20-39,mrna,121.98820436792448,True
2021-11-21,40-64,jnj,0.0,True
2021-11-21,40-64,mrna,133.68072252057027,True
2021-11-21,65+,jnj,0.0,True
2021-11-21,65+,mrna,51.742281128885224,True
2021-11-22,0-19,jnj,0.0,True
2021-11-22,0-19,mrna,94.73181335371919,True
2021-11-22,20-39,jnj,0.0,True
2021-11-22,20-39,mrna,118.32855823682621,True
2021-11-22,40-64,jnj,0.0,True
2021-11-22,40-64,mrna,129.67030084494036,True
2021-11-22,65+,jnj,0.0,True
2021-11-22,65+,mrna,50.190012695034966,True
2021-11-23,0-19,jnj,0.0,True
2021-11-23,0-19,mrna,91.88985895307269,True
2021-11-23,20-39,jnj,0.0,True
2021-11-23,20-39,mrna,114.77870148979127,True
2021-11-23,40-64,jnj,0.0,True
2021-11-23,40-64,mrna,125.78019181964919,True
2021-11-23,65+,jnj,0.0,True
2021-11-23,65+,mrna,48.684312314144336,True
2021-11-24,0-19,jnj,0.0,True
2021-11-24,0-19,mrna,89.13316318450961,True
2021-11-24,20-39,jnj,0.0,True
2021-11-24,20-39,mrna,111.33534044504631,True
2021-11-24,40-64,jnj,0.0,True
2021-11-24,40-64,mrna,122.0067860649433,True
2021-11-24,65+,jnj,0.0,True
2021-11-24,65+,mrna,47.223782944725826,True
2021-11-25,0-19,jnj,0.0,True
2021-11-25,0-19,mrna,86.45916828897316,True
2021-11-25,20-39,jnj,0.0,True
2021-11-25,20-39,mrna,107.99528023169842,True
2021-11-25,40-64,jnj,0.0,True
2021-11-25,40-64,mrna,118.34658248303458,True
2021-11-25,65+,jnj,0.0,True
2021-11-25,65+,mrna,45.8070694564376,True
2021-11-26,0-19,jnj,0.0,True
2021-11-26,0-19,mrna,83.86539324023761,True
2021-11-26,20-39,jnj,0.0,True
2021-11-26,20-39,mrna,104.75542182475328,True
2021-11-26,40-64,jnj,0.0,True
2021-11-26,40-64,mrna,114.79618500859942,True
2021-11-26,65+,jnj,0.0,True
2021-11-26,65+,mrna,44.43285737268161,True
2021-11-27,0-19,jnj,0.0,True
2021-11-27,0-19,mrna,81.34943144302815,True
2021-11-27,20-39,jnj,0.0,True
2021-11-27,20-39,mrna,101.61275917000603,True
2021-11-27,40-64,jnj,0.0,True
2021-11-27,40-64,mrna,111.35229945834726,True
2021-11-27,65+,jnj,0.0,True
2021-11-27,65+,mrna,43.099871651502326,True
2021-11-28,0-19,jnj,0.0,True
2021-11-28,0-19,mrna,78.90894849982578,True
2021-11-28,20-39,jnj,0.0,True
2021-11-28,20-39,mrna,98.56437639484648,True
2021-11-28,40-64,jnj,0.0,True
2021-11-28,40-64,mrna,108.01173047453631,True
2021-11-28,65+,jnj,0.0,True
2021-11-28,65+,mrna,41.80687550199218,True
2021-11-29,0-19,jnj,0.0,True
2021-11-29,0-19,mrna,76.54168004484382,True
2021-11-29,20-39,jnj,0.0,True
2021-11-29,20-39,mrna,95.60744510299992,True
2021-11-29,40-64,jnj,0.0,True
2021-11-29,40-64,mrna,104.77137856034096,True
2021-11-29,65+,jnj,0.0,True
2021-11-29,65+,mrna,40.55266923690215,True
2021-11-30,0-19,jnj,0.0,True
2021-11-30,0-19,mrna,74.24542964342982,True
2021-11-30,20-39,jnj,0.0,True
2021-11-30,20-39,mrna,92.73922174994368,True
2021-11-30,40-64,jnj,0.0,True
2021-11-30,40-64,mrna,101.62823720346205,True
2021-11-30,65+,jnj,0.0,True
2021-11-30,65+,mrna,39.33608915982768,True
2021-12-01,0-19,jnj,0.0,True
2021-12-01,0-19,mrna,72.01806675409898,True
2021-12-01,20-39,jnj,0.0,True
2021-12-01,20-39,mrna,89.95704509748612,True
2021-12-01,40-64,jnj,0.0,True
2021-12-01,40-64,mrna,98.57939008739777,True
2021-12-01,65+,jnj,0.0,True
2021-12-01,65+,mrna,38.15600648499094,True
2021-12-02,0-19,jnj,0.0,True
2021-12-02,0-19,mrna,69.85752475156914,True
2021-12-02,20-39,jnj,0.0,True
2021-12-02,20-39,mrna,87.2583337444812,True
2021-12-02,40-64,jnj,0.0,True
2021-12-02,40-64,mrna,95.62200838478748,True
2021-12-02,65+,jnj,0.0,True
2021-12-02,65+,mrna,37.011326290434226,True
2021-12-03,0-19,jnj,0.0,True
2021-12-03,0-19,mrna,67.76179900893476,True
2021-12-03,20-39,jnj,0.0,True
2021-12-03,20-39,mrna,84.6405837321654,True
2021-12-03,40-64,jnj,0.0,True
2021-12-03,40-64,mrna,92.75334813329391,True
2021-12-03,65+,jnj,0.0,True
2021-12-03,65+,mrna,35.900986501714215,True
2021-12-04,0-19,jnj,0.0,True
2021-12-04,0-19,mrna,65.72894503874704,True
2021-12-04,20-39,jnj,0.0,True
2021-12-04,20-39,mrna,82.10136622027494,True
2021-12-04,40-64,jnj,0.0,True
2021-12-04,40-64,mrna,89.97074768925086,True
2021-12-04,65+,jnj,0.0,True
2021-12-04,65+,mrna,34.823956906679086,True
2021-12-05,0-19,jnj,0.0,True
2021-12-05,0-19,mrna,63.75707668752875,True
2021-12-05,20-39,jnj,0.0,True
2021-12-05,20-39,mrna,79.63832523359451,True
2021-12-05,40-64,jnj,0.0,True
2021-12-05,40-64,mrna,87.27162525861058,True
2021-12-05,65+,jnj,0.0,True
2021-12-05,65+,mrna,33.77923819946591,True
2021-12-06,0-19,jnj,0.0,True
2021-12-06,0-19,mrna,61.8443643868668,True
2021-12-06,20-39,jnj,0.0,True
2021-12-06,20-39,mrna,77.2491754766088,True
2021-12-06,40-64,jnj,0.0,True
2021-12-06,40-64,mrna,84.65347650076728,True
2021-12-06,65+,jnj,0.0,True
2021-12-06,65+,mrna,32.76586105348542,True
2021-12-07,0-19,jnj,0.0,True
2021-12-07,0-19,mrna,59.98903345526196,True
2021-12-07,20-39,jnj,0.0,True
2021-12-07,20-39,mrna,74.93170021229889,True
2021-12-07,40-64,jnj,0.0,True
2021-12-07,40-64,mrna,82.11387220583856,True
2021-12-07,65+,jnj,0.0,True
2021-12-07,65+,mrna,31.78288522188086,True
2021-12-08,0-19,jnj,0.0,True
2021-12-08,0-19,mrna,58.189362451666966,True
2021-12-08,20-39,jnj,0.0,True
2021-12-08,20-39,mrna,72.6837492058985,True
2021-12-08,40-64,jnj,0.0,True
2021-12-08,40-64,mrna,79.65045603958424,True
2021-12-08,65+,jnj,0.0,True
2021-12-08,65+,mrna,30.829398665227927,True
2021-12-09,0-19,jnj,0.0,True
2021-12-09,0-19,mrna,56.44368157815188,True
2021-12-09,20-39,jnj,0.0,True
2021-12-09,20-39,mrna,70.5032367297681,True
2021-12-09,40-64,jnj,0.0,True
2021-12-09,40-64,mrna,77.26094235840719,True
2021-12-09,65+,jnj,0.0,True
2021-12-09,65+,mrna,29.904516705311835,True
2021-12-10,0-19,jnj,0.0,True
2021-12-10,0-19,mrna,54.750371130765416,True
2021-12-10,20-39,jnj,0.0,True
2021-12-10,20-39,mrna,68.3881396278739,True
2021-12-10,40-64,jnj,0.0,True
2021-12-10,40-64,mrna,74.94311408768408,True
2021-12-10,65+,jnj,0.0,True
2021-12-10,65+,mrna,29.00738120416645,True
2021-12-11,0-19,jnj,0.0,True
2021-12-11,0-19,mrna,53.107859996845946,True
2021-12-11,20-39,jnj,0.0,True
2021-12-11,20-39,mrna,66.3364954390563,True
2021-12-11,40-64,jnj,0.0,True
2021-12-11,40-64,mrna,72.69482066505589,True
2021-12-11,65+,jnj,0.0,True
2021-12-11,65+,mrna,28.137159768026322,True
2021-12-12,0-19,jnj,0.0,True
2021-12-12,0-19,mrna,51.51462419691961,True
2021-12-12,20-39,jnj,0.0,True
2021-12-12,20-39,mrna,64.34640057582874,True
2021-12-12,40-64,jnj,0.0,True
2021-12-12,40-64,mrna,70.51397604506928,True
2021-12-12,65+,jnj,0.0,True
2021-12-12,65+,mrna,27.293044974911027,True
2021-12-13,0-19,jnj,0.0,True
2021-12-13,0-19,mrna,49.96918547106907,True
2021-12-13,20-39,jnj,0.0,True
2021-12-13,20-39,mrna,62.416008558589965,True
2021-12-13,40-64,jnj,0.0,True
2021-12-13,40-64,mrna,68.39855676377192,True
2021-12-13,65+,jnj,0.0,True
2021-12-13,65+,mrna,26.474253625725396,True
2021-12-14,0-19,jnj,0.0,True
2021-12-14,0-19,mrna,48.47010990686249,True
2021-12-14,20-39,jnj,0.0,True
2021-12-14,20-39,mrna,60.543528301874176,True
2021-12-14,40-64,jnj,0.0,True
2021-12-14,40-64,mrna,66.34660006081685,True
2021-12-14,65+,jnj,0.0,True
2021-12-14,65+,mrna,25.68002601689659,True
2021-12-15,0-19,jnj,0.0,True
2021-12-15,0-19,mrna,47.01600660965778,True
2021-12-15,20-39,jnj,0.0,True
2021-12-15,20-39,mrna,58.727222452755086,True
2021-12-15,40-64,jnj,0.0,True
2021-12-15,40-64,mrna,64.35620205895975,True
2021-12-15,65+,jnj,0.0,True
2021-12-15,65+,mrna,24.909625236410648,True
2021-12-16,0-19,jnj,0.0,True
2021-12-16,0-19,mrna,45.60552641144022,True
2021-12-16,20-39,jnj,0.0,True
2021-12-16,20-39,mrna,56.965405779192224,True
2021-12-16,40-64,jnj,0.0,True
2021-12-16,40-64,mrna,62.425515997223556,True
2021-12-16,65+,jnj,0.0,True
2021-12-16,65+,mrna,24.16233647929039,True
2021-12-17,0-19,jnj,0.0,True
2021-12-17,0-19,mrna,44.23736061900854,True
2021-12-17,20-39,jnj,0.0,True
2021-12-17,20-39,mrna,55.256443605874665,True
2021-12-17,40-64,jnj,0.0,True
2021-12-17,40-64,mrna,60.55275051726494,True
2021-12-17,65+,jnj,0.0,True
2021-12-17,65+,mrna,23.437466384959407,True
2021-12-18,0-19,jnj,0.0,True
2021-12-18,0-19,mrna,42.91023980046157,True
2021-12-18,20-39,jnj,0.0,True
2021-12-18,20-39,mrna,53.598750297678635,True
2021-12-18,40-64,jnj,0.0,True
2021-12-18,40-64,mrna,58.736168001778424,True
2021-12-18,65+,jnj,0.0,True
2021-12-18,65+,mrna,22.73434239346534,True
2021-12-19,0-19,jnj,0.0,True
2021-12-19,0-19,mrna,41.62293260649312,True
2021-12-19,20-39,jnj,0.0,True
2021-12-19,20-39,mrna,51.99078778875992,True
2021-12-19,40-64,jnj,0.0,True
2021-12-19,40-64,mrna,56.974082961678505,True
2021-12-19,65+,jnj,0.0,True
2021-12-19,65+,mrna,22.052312121610157,True
2021-12-20,0-19,jnj,0.0,True
2021-12-20,0-19,mrna,40.374244628241286,True
2021-12-20,20-39,jnj,0.0,True
2021-12-20,20-39,mrna,50.43106415506918,True
2021-12-20,40-64,jnj,0.0,True
2021-12-20,40-64,mrna,55.264860472874716,True
2021-12-20,65+,jnj,0.0,True
2021-12-20,65+,mrna,21.390742757939734,True
2021-12-21,0-19,jnj,0.0,True
2021-12-21,0-19,mrna,39.163017289480194,True
2021-12-21,20-39,jnj,0.0,True
2021-12-21,20-39,mrna,48.91813223040663,True
2021-12-21,40-64,jnj,0.0,True
2021-12-21,40-64,mrna,53.60691465868149,True
2021-12-21,65+,jnj,0.0,True
2021-12-21,65+,mrna,20.74902047519572,True
2021-12-22,0-19,jnj,0.0,True
2021-12-22,0-19,mrna,37.98812677070964,True
2021-12-22,20-39,jnj,0.0,True
2021-12-22,20-39,mrna,47.45058826345485,True
2021-12-22,40-64,jnj,0.0,True
2021-12-22,40-64,mrna,51.99870721891057,True
2021-12-22,65+,jnj,0.0,True
2021-12-22,65+,mrna,20.126549860928208,True
2021-12-23,0-19,jnj,0.0,True
2021-12-23,0-19,mrna,36.84848296758719,True
2021-12-23,20-39,jnj,0.0,True
2021-12-23,20-39,mrna,46.02707061555702,True
2021-12-23,40-64,jnj,0.0,True
2021-12-23,40-64,mrna,50.438746002386324,True
2021-12-23,65+,jnj,0.0,True
2021-12-23,65+,mrna,19.522753365105018,True
